new_q59,ches_id,parlgov_id,ches_weights,weights_parlgov,country_name,new_q59_label,ches_party,parlgov_party,parlgov_english,vote_variable_2022,vote_values_2022,vote_values_2023,vote_variable_2023,vote_values_2024,vote_variable_2024,notes,matched_how,party_name,party_name_english,party_merge_status_2025,party_note,matched_how_2025,CHES_new_match,vote_2025_variable,vote_2025_value,vote_values_2025
1,1101,773,NA,NA,UK,Conservative Party,Cons,Conservatives,Conservatives,pastvote_ge_2019,1,1,vote_uk,1,pastvote_ge_2019,NA,Previous crosswalks,Conservative Party,Conservative Party,Kept in closest to and least close to,NA,IN 2025,NA,pastvote_ge_2024,1,1
2,1102,1556,NA,NA,UK,Labour,Lab,Labour Party,Labour,pastvote_ge_2019,2,2,vote_uk,2,pastvote_ge_2019,NA,Previous crosswalks,Labour,Labour,Kept in closest to and least close to,NA,IN 2025,NA,pastvote_ge_2024,2,2
3,1104,659,NA,NA,UK,Liberal Democrats,LibDem,Liberals,Liberals,pastvote_ge_2019,3,3,vote_uk,3,pastvote_ge_2019,NA,Previous crosswalks,Liberal Democrats,Liberal Democrats,Kept in closest to and least close to,NA,IN 2025,NA,pastvote_ge_2024,3,3
4,1105,1284,NA,NA,UK,Scottish National Party (SNP),SNP,Scottish National Party – Pàrtaidh Nàiseanta na h-Alba,Scottish National Party,pastvote_ge_2019,4,4,vote_uk,4,pastvote_ge_2019,NA,Previous crosswalks,Scottish National Party (SNP),Scottish National Party (SNP),Kept in closest to,NA,IN 2025,NA,pastvote_ge_2024,4,4
5,1106,311,NA,NA,UK,Plaid Cymru,Plaid,Plaid Cymru,Plaid Cymru,pastvote_ge_2019,5,5,vote_uk,5,pastvote_ge_2019,NA,Previous crosswalks,Plaid Cymru,Plaid Cymru,Removed from survey,NA,IN 2025,NA,pastvote_ge_2024,5,5
6,1110,2729,NA,NA,UK,Brexit Party,Reform UK,Brexit Party,Brexit Party,pastvote_ge_2019,6,6,vote_uk,6,pastvote_ge_2019,NA,Previous crosswalks,NA,NA,NA,NA,NA,NA,NA,NA,NA
7,1107,467,NA,NA,UK,Green Party,Green,Green Party,Green Party,pastvote_ge_2019,7,7,vote_uk,7,pastvote_ge_2019,NA,Previous crosswalks,Green Party,Green Party,Kept in closest to and least close to,NA,IN 2025,NA,pastvote_ge_2024,7,7
8,1115,319,NA,NA,UK,DUP,DUP,Democratic Unionist Party,Democratic Unionist Party,NA,NA,NA,NA,NA,NA,NA,Previous crosswalks,DUP,DUP,Kept in closest to and least close to,This is results for Northern ireland only,IN 2025,NA,pastvote_ge_2024_ni,1,1
9,1113,689,NA,NA,UK,Sinn Fein,SF,Sinn Féin,Sinn Fein,NA,NA,NA,NA,NA,NA,NA,Previous crosswalks,Sinn Fein,Sinn Féin,Kept in closest to and least close to,This is results for Northern ireland only,IN 2025,NA,pastvote_ge_2024_ni,2,2
10,1114,1023,NA,NA,UK,SDLP,SDLP,Social Democratic and Labour Party,Social Democratic and Labour Party,NA,NA,NA,NA,NA,NA,NA,Previous crosswalks,SDLP,SDLP,Kept in closest to and least close to,This is results for Northern ireland only,IN 2025,NA,pastvote_ge_2024_ni,3,3
11,NA,1210,NA,NA,UK,UUP,NA,Ulster Unionist Party,Ulster Unionist Party,NA,NA,NA,NA,NA,NA,NA,Previous crosswalks,UUP,Ulster Unionist Party (UUP),Kept in closest to and least close to,This is results for Northern ireland only,IN 2025,NA,pastvote_ge_2024_ni,NA,NA
12,1112,2731,NA,NA,UK,Alliance,APNI,Alliance Party of Northern Ireland,Alliance Party of Northern Ireland,NA,NA,NA,NA,NA,NA,NA,Previous crosswalks,Alliance,Alliance,Kept in closest to and least close to,This is results for Northern ireland only,IN 2025,NA,pastvote_ge_2024_ni,5,5
13,626,2643,NA,NA,France,La République en marche,REM; RE,La République En Marche! | Renaissance,The Republic Onwards! | Renaissance,Presidential_vote17,5,1,vote_fra,1,Presidential_vote22_round1,NA,IN,NA,NA,NA,NA,NA,NA,NA,NA,NA
14,609,658,NA,NA,France,Les Républicains,LR,Union pour un mouvement populaire | Les Républicains,Union for a Popular Movement | The Republicans,Presidential_vote17,7,6,vote_fra,6,Presidential_vote22_round1,NA,IN,Les Républicains/ Union de la droite et du centre,The Republicans / Union of the Right and Centre,Kept in closest to and least close to,Part of les republicains branched and affiliated with RN during elections --> New party with these?,IN 2025,NA,fr_pastvot_presidential22_round1,0,6
15,610,270,NA,NA,France,Front national,RN,Rassemblement National,National Rally,Presidential_vote17,9,2,vote_fra,2,Presidential_vote22_round1,NA,Previous crosswalks,NA,NA,NA,NA,NA,NA,NA,NA,NA
16,627,2644,NA,NA,France,La France insoumise,FI,La France Insoumise,Unbowed France,Presidential_vote17,6,3,vote_fra,3,Presidential_vote22_round1,NA,Previous crosswalks,NA,NA,NA,NA,NA,NA,NA,NA,NA
17,602,1539,NA,NA,France,Parti socialiste,PS,Parti socialiste,Socialist Party,Presidential_vote17,4,10,vote_fra,10,Presidential_vote22_round1,NA,Previous crosswalks,NA,NA,NA,NA,NA,NA,NA,NA,NA
18,613,509,NA,NA,France,Mouvement démocrate,MoDem,Union pour la démocratie française | Mouvement démocrate,Union for French Democracy | Democratic Movement,NA,NA,NA,NA,NA,NA,NA,Previous crosswalks,NA,NA,NA,NA,NA,NA,NA,NA,NA
19,302,558,NA,NA,Germany,SPD,SPD,Sozialdemokratische Partei Deutschlands,Social Democratic Party of Germany,q_BTW21_Quote,1,1,vote_ger,1,q_BTW21_Quote,NA,Previous crosswalks,SPD,Social Democratic Party of Germany,Kept in closest to and least close to,NA,IN 2025,NA,q_BTW25_Quote,1,1
20,301;308,1727;1727,0.75;0.25,0.75;0.25,Germany,CDU/CSU,CDU/CSU,Christlich Demokratische Union / Christlich Soziale Union,Christian Democratic Union / Christian Social Union,q_BTW21_Quote,2,2,vote_ger,2,q_BTW21_Quote,NA,Previous crosswalks,CDU/CSU,Christian Democratic Union/Christian Social Union,Kept in closest to and least close to,Separate parties in election (but both over 5),IN 2025,NA,q_BTW25_Quote,2,2
21,304,772,NA,NA,Germany,Bündnis 90/Die Grünen,Grunen,Bündnis 90 / Die Grünen,Alliance 90 / Greens,q_BTW21_Quote,3,3,vote_ger,3,q_BTW21_Quote,NA,Previous crosswalks,Bündnis 90/Die Grünen,Alliance 90/The Greens,Kept in closest to and least close to,NA,IN 2025,NA,q_BTW25_Quote,4,4
22,310,2253,NA,NA,Germany,AfD,AfD,Alternative für Deutschland,Alternative for Germany,q_BTW21_Quote,4,4,vote_ger,4,q_BTW21_Quote,NA,Previous crosswalks,AfD,Alternative for Germany,Kept in closest to and least close to,NA,IN 2025,NA,q_BTW25_Quote,5,5
23,303,543,NA,NA,Germany,FDP,FDP,Freie Demokratische Partei,Free Democratic Party,q_BTW21_Quote,5,5,vote_ger,5,q_BTW21_Quote,NA,Previous crosswalks,FDP,Free Democratic Party,Kept in closest to,NA,IN 2025,NA,q_BTW25_Quote,NA,NA
24,306,791,NA,NA,Germany,Die Linke,PDS; Linkspartei; Linke,PDS | Die Linke,PDS | The Left,q_BTW21_Quote,6,6,vote_ger,6,q_BTW21_Quote,NA,Previous crosswalks,Die Linke,The Left,Kept in closest to and least close to,NA,IN 2025,NA,q_BTW25_Quote,6,6
25,501,902,NA,NA,Spain,PSOE,PSOE,Partido Socialista Obrero Español,Spanish Socialist Workers Party,ES_pastvoteNov_2019,1,1,vote_spa,2,ES_pastvote_Jul2023,NA,Previous crosswalks,PSOE,Spanish Socialist Workers' Party,Kept in closest to and least close to,NA,IN 2025,NA,ES_pastvote_Jul2023,0,2
26,502,645,NA,NA,Spain,PP,PP,Alianza-Partido Popular,People's Alliance-Party,ES_pastvoteNov_2019,2,2,vote_spa,1,ES_pastvote_Jul2023,NA,Previous crosswalks,PP,People's Party,Kept in closest to and least close to,NA,IN 2025,NA,ES_pastvote_Jul2023,0,1
27,527,2380,NA,NA,Spain,Vox,Vox,Vox,Voice,ES_pastvoteNov_2019,3,3,vote_spa,3,ES_pastvote_Jul2023,NA,Previous crosswalks,Vox,Vox,Kept in closest to and least close to,NA,IN 2025,NA,ES_pastvote_Jul2023,0,3
28,525,2724,NA,NA,Spain,Unidas Podemos+Podemos EU,Podemos,Unidas Podemos,United We Can,ES_pastvoteNov_2019,4,4,vote_spa,NA,NA,NA,Previous crosswalks,Unidas Podemos+Podemos EU,United We Can + Podemos United Left,Removed from survey,Podemos is part of SUMAR in 2023 election,IN 2025,NA,ES_pastvote_Jul2023,0,NA
29,526,2375,NA,NA,Spain,Ciudadanos,Cs,Ciudadanos – Partido de la Ciudadanía,Citizens -- Party of the Citizenry,ES_pastvoteNov_2019,5,5,vote_spa,NA,NA,NA,Previous crosswalks,NA,NA,NA,NA,NA,NA,NA,NA,NA
30,511,757,NA,NA,Spain,ERC-Sobiranistes,ERC,Esquerra Republicana de Catalunya,Republican Left of Catalonia,ES_pastvoteNov_2019,6,6,vote_spa,5,ES_pastvote_Jul2023,NA,Previous crosswalks,ERC-Sobiranistes,Republican Left of Catalonia–Sovereigntists,Removed from survey,"The alliance was for the November 2019 general election. In the 2023 election, ERC ran by itself (and got 1.9%) -- see code 182",IN 2025,NA,ES_pastvote_Jul2023,0,5
31,525,2606,NA,NA,Spain,En Comú Podem,Podemos,En Comú Podem,In Common We Can,ES_pastvoteNov_2019,7,4,vote_spa,NA,NA,NA,Previous crosswalks,En Comú Podem,In Common We Can,Removed from survey,Catalan elections focus (I am assuming) is reason to keep party,IN 2025,NA,ES_pastvote_Jul2023,0,NA
32,550,2605,NA,NA,Spain,Junts-JuntsxCat,PdCAT,Convergència Democràtica | Junts per Catalunya,Democratic Convergence | Together for Catalonia,ES_pastvoteNov_2019,8,8,vote_spa,6,ES_pastvote_Jul2023,NA,Previous crosswalks,Junts-JuntsxCat,Together for Catalonia,Kept in closest to,NA,IN 2025,NA,ES_pastvote_Jul2023,0,6
33,528,2804,NA,NA,Spain,Más País-Equo,Pais,Equo,Equo,ES_pastvoteNov_2019,9,9,vote_spa,NA,NA,NA,Previous crosswalks,Más País-Equo,More Country–Equo,Removed from survey,Mas Pais is part of SUMAR in 2023; This mas pais - equo coaition seems to stem from 2019 election; Equo (now Greens Equo does not seem to feature in 2023 election),IN 2025,NA,ES_pastvote_Jul2023,0,NA
34,506,1361,NA,NA,Spain,EAJ-PNV,PNV,Partido Nacionalista Vasco – Euzko Alderdi Jeltzalea,Basque Nationalist Party,ES_pastvoteNov_2019,10,10,vote_spa,8,ES_pastvote_Jul2023,NA,Previous crosswalks,EAJ-PNV,Basque Nationalist Party,Kept in closest to,NA,IN 2025,NA,ES_pastvote_Jul2023,0,8
35,524,2603,NA,NA,Spain,EH Bildu,EHB,Euskal Herria Bildu,Basque Country Unite,ES_pastvoteNov_2019,11,11,vote_spa,7,ES_pastvote_Jul2023,NA,Previous crosswalks,EH Bildu,"EH Bildu (""Basque Country Unite"")",Kept in closest to,NA,IN 2025,NA,ES_pastvote_Jul2023,0,7
36,552,2792,NA,NA,Spain,CUP-PR,CUP-PR,Candidatura d'Unitat Popular,Popular Unity Candidacy,ES_pastvoteNov_2019,12,12,vote_spa,13,ES_pastvote_Jul2023,NA,Previous crosswalks,CUP-PR,Popular Unity Candidacy–Radical Party,Kept in closest to,"POLITCO and Wikipedia only lists the party name as CUP, not CUP-PR; CUP-PR is a 2019 coalition. ;  Assuming this party is in here because of presence in catalonia more so than results in spanish election as a whole --need to change to only CUP; Catalan election s > 1%",IN 2025,NA,ES_pastvote_Jul2023,0,13
37,551,2381,NA,NA,Spain,PACMA,PACMA,Partido Animalista Contra el Maltrato Animal,Animalist Party Against Mistreatment to Animals,ES_pastvoteNov_2019,13,13,vote_spa,12,ES_pastvote_Jul2023,NA,Previous crosswalks,PACMA,Animalist Party Against Mistreatment of Animals,Kept in closest to,Catalan results,IN 2025,NA,ES_pastvote_Jul2023,0,12
38,528,2607,NA,NA,Spain,Més Compromís,Pais,Compromís | A la valenciana,Compromise | A la valenciana,ES_pastvoteNov_2019,14,9,vote_spa,NA,NA,NA,Previous crosswalks,Més Compromís,More Commitment,Removed from survey,Coalition from 2019 elections,IN 2025,NA,ES_pastvote_Jul2023,0,NA
39,513,520,NA,NA,Spain,BNG,BNG,Bloque Nacionalista Galego,Galician Nationalist Bloc,ES_pastvoteNov_2019,15,15,vote_spa,9,ES_pastvote_Jul2023,NA,Previous crosswalks,BNG,Galician Nationalist Bloc,Removed from survey,NA,IN 2025,NA,ES_pastvote_Jul2023,0,9
40,517,234,NA,NA,Spain,CCa-NC,CC,Coalición Canaria,Canary Coalition,ES_pastvoteNov_2019,16,16,vote_spa,10,ES_pastvote_Jul2023,NA,Previous crosswalks,CCa-NC,Canarian Coalition–New Canarias,Removed from survey,"Coalition Dissolved in April 2023, prior to the latest election in July 2023 --> Parties ran separately but neither got above 1% of vote according to Politico",IN 2025,NA,ES_pastvote_Jul2023,0,10
41,554,0,NA,NA,Spain,PRC,NA,NA,NA,ES_pastvoteNov_2019,17,17,vote_spa,NA,NA,NA,IN,NA,NA,NA,NA,NA,NA,NA,NA,NA
42,845,2155,NA,NA,Italy,Movimento 5 Stelle,M5S,Movimento 5 Stelle,Five Star Movement,PDL_Vote_18_Quote_IT,1,1,vote_ita,1,Vote_22_Quote_IT,NA,Previous crosswalks,Movimento 5 Stelle,Five Star Movement,Kept in closest to and least close to,NA,IN 2025,NA,IT_pastvote_2022,0,1
43,811,1436,NA,NA,Italy,Lega,LN,Lega Nord,North League,PDL_Vote_18_Quote_IT,2,2,vote_ita,2,Vote_22_Quote_IT,NA,Previous crosswalks,Lega,League,Kept in closest to and least close to,NA,IN 2025,NA,IT_pastvote_2022,0,2
44,815,596,NA,NA,Italy,Forza Italia,FI-PdL,Forza Italia – Il Popolo della Libertà,Go Italy -- The People of Freedom,PDL_Vote_18_Quote_IT,3,3,vote_ita,3,Vote_22_Quote_IT,NA,Previous crosswalks,Forza Italia,Forward Italy,Kept in closest to and least close to,NA,IN 2025,NA,IT_pastvote_2022,0,3
45,844,2154,NA,NA,Italy,Fratelli d'Italia,FDI,Fratelli d'Italia,Brothers of Italy,PDL_Vote_18_Quote_IT,4,4,vote_ita,4,Vote_22_Quote_IT,NA,Previous crosswalks,Fratelli d'Italia,Brothers of Italy,Kept in closest to and least close to,NA,IN 2025,NA,IT_pastvote_2022,0,4
46,837,382,NA,NA,Italy,Partito Democratico,PD,Partito Democratico,Democratic Party,PDL_Vote_18_Quote_IT,5,5,vote_ita,5,Vote_22_Quote_IT,NA,Previous crosswalks,Partito Democratico,Democratic Party,Kept in closest to and least close to,NA,IN 2025,NA,IT_pastvote_2022,0,5
47,832,2737,NA,NA,Italy,"""+ Europa""",#NAME?,#NAME?,More Europe,PDL_Vote_18_Quote_IT,6,6,vote_ita,6,Vote_22_Quote_IT,NA,IN,#NAME?,More Europe,Kept in closest to,NA,IN 2025,NA,IT_pastvote_2022,0,6
48,849;849,1330;2794,0.5;0.5,0.5;0.5,Italy,NA,NA,NA,NA,NA,NA,7,vote_ita,7,Vote_22_Quote_IT,could not figure out how to weigh parlgov coalitions that are not ches because when no unique coalition id in parlgov simply has one of the parties with vote share and other without;could not figure out how to weigh parlgov coalitions that are not ches because when no unique coalition id in parlgov simply has one of the parties with vote share and other without,IN,NA,NA,NA,NA,NA,NA,NA,NA,NA
49,1003,1409,NA,NA,Netherlands,Volkspartij voor Vrijheid en Democratie (VVD),VVD,Volkspartij voor Vrijheid en Democratie,People's Party for Freedom and Democracy,pastvote2020NL,1,1,vote_net,3,NL_2023vote_recode,NA,Previous crosswalks,Volkspartij voor Vrijheid en Democratie (VVD),People's Party for Freedom and Democracy,Kept in closest to and least close to,NA,IN 2025,NA,NL_partyvoted_2023,0,3
50,1017,1501,NA,NA,Netherlands,Partij voor de Vrijheid (PVV),PVV,Partij voor de Vrijheid,Party for Freedom,pastvote2020NL,2,2,vote_net,1,NL_2023vote_recode,NA,Previous crosswalks,Partij voor de Vrijheid (PVV),Party for Freedom,Kept in closest to and least close to,NA,IN 2025,NA,NL_partyvoted_2023,0,1
51,1001,235,NA,NA,Netherlands,Christen Democratisch Appèl (CDA),CDA,Christen Democratisch Appèl,Christian Democratic Appeal,pastvote2020NL,3,3,vote_net,7,NL_2023vote_recode,NA,Previous crosswalks,Christen Democratisch Appèl (CDA),Christian Democratic Appeal,Kept in closest to,NA,IN 2025,NA,NL_partyvoted_2023,0,7
52,1004,345,NA,NA,Netherlands,Democraten 66 (D66),D66,Democraten 66,Democrats 66,pastvote2020NL,4,4,vote_net,5,NL_2023vote_recode,NA,Previous crosswalks,Democraten 66 (D66),Democrats 66,Kept in closest to and least close to,NA,IN 2025,NA,NL_partyvoted_2023,0,5
53,1005,756,NA,NA,Netherlands,GroenLinks,GL,GroenLinks,GreenLeft,pastvote2020NL,5,5,vote_net,NA,NA,NA,Previous crosswalks,NA,NA,NA,NA,NA,NA,NA,NA,NA
54,1014,357,NA,NA,Netherlands,Socialistische Partij (SP),SP,Socialistiese Partij,Socialist Party,pastvote2020NL,6,6,vote_net,8,NL_2023vote_recode,NA,Previous crosswalks,Socialistische Partij (SP),Socialist Party,Kept in closest to,NA,IN 2025,NA,NL_partyvoted_2023,0,8
55,1002,742,NA,NA,Netherlands,Partij van de Arbeid (PvdA),PvdA,Partij van de Arbeid,Labour Party,pastvote2020NL,7,7,vote_net,NA,NA,NA,Previous crosswalks,NA,NA,NA,NA,NA,NA,NA,NA,NA
56,1016,1206,NA,NA,Netherlands,ChristenUnie/SGP,CU,ChristenUnie,ChristianUnion,NA,NA,8,vote_net,12,NL_2023vote_recode,NA,Previous crosswalks,ChristenUnie/SGP,Christian Union / Reformed Political Party,Kept in closest to,NA,IN 2025,NA,NL_partyvoted_2023,0,12
57,1020,2109,NA,NA,Netherlands,50PLUS,50PLUS,50PLUS,50PLUS,NA,NA,9,vote_net,NA,NA,NA,Previous crosswalks,50PLUS,50PLUS (Pensioners’ Party),Removed from survey,NA,IN 2025,NA,NL_partyvoted_2023,0,NA
58,1018,990,NA,NA,Netherlands,Partij voor de Dieren,PVdD,Partij voor de Dieren,Party for the Animals,NA,NA,10,vote_net,10,NL_2023vote_recode,NA,Previous crosswalks,Partij voor de Dieren,Party for the Animals,Kept in closest to,NA,IN 2025,NA,NL_partyvoted_2023,0,10
59,1050,2641,NA,NA,Netherlands,Denk,DENK,Beweging DENK,Think,NA,NA,11,vote_net,9,NL_2023vote_recode,NA,Previous crosswalks,Denk,Think,Kept in closest to,NA,IN 2025,NA,NL_partyvoted_2023,0,9
60,1051,2642,NA,NA,Netherlands,Forum voor Democratie,FvD,Forum voor Democratie,Forum for Democracy,pastvote2020NL,8,12,vote_net,11,NL_2023vote_recode,NA,Previous crosswalks,Forum voor Democratie,Forum for Democracy,Kept in closest to,NA,IN 2025,NA,NL_partyvoted_2023,0,11
61,201,1629,NA,NA,Denmark,Socialdemokratiet,SD,Socialdemokraterne,Social Democrats,FT19_DK,1,1,vote_den,1,FT22_DK,NA,Previous crosswalks,Socialdemokratiet,Social Democrats,Kept in closest to and least close to,NA,IN 2025,NA,FT22_DK,0,1
62,202,211,NA,NA,Denmark,Radikale Venstre,RV,Det Radikale Venstre,Danish Social Liberal Party,FT19_DK,2,2,vote_den,2,FT22_DK,NA,Previous crosswalks,Radikale Venstre,Social Liberal Party,Kept in closest to,NA,IN 2025,NA,FT22_DK,0,2
63,203,590,NA,NA,Denmark,Det Konservative Folkeparti,KF,Konservative,Conservatives,FT19_DK,3,3,vote_den,3,FT22_DK,NA,Previous crosswalks,Det Konservative Folkeparti,Conservative People's Party,Kept in closest to and least close to,NA,IN 2025,NA,FT22_DK,0,3
64,220,2781,NA,NA,Denmark,Nye Borgerlige,NB,Nye Borgerlige,The New Right,FT19_DK,17,17,vote_den,17,FT22_DK,NA,Previous crosswalks,Nye Borgerlige,New Right,Kept in closest to,NA,IN 2025,NA,FT22_DK,0,17
65,NA,0,NA,NA,Denmark,Partiet Klaus Riskær Pedersen,NA,NA,NA,FT19_DK,18,NA,NA,NA,NA,NA,IN,NA,NA,NA,NA,NA,NA,NA,NA,NA
66,206,1644,NA,NA,Denmark,Socialistisk Folkeparti,SF,Socialistisk Folkeparti,Socialist Peoples Party,FT19_DK,4,4,vote_den,4,FT22_DK,NA,Previous crosswalks,Socialistisk Folkeparti,Green Left,Kept in closest to and least close to,NA,IN 2025,NA,FT22_DK,0,4
67,218,376,NA,NA,Denmark,Liberal Alliance,NLA,Ny-Liberal Alliance,New-Liberal Alliance,FT19_DK,5,5,vote_den,5,FT22_DK,NA,Previous crosswalks,Liberal Alliance,Liberal Alliance,Kept in closest to and least close to,NA,IN 2025,NA,FT22_DK,0,5
68,210,1331,NA,NA,Denmark,Kristendemokraterne,KD,Kristeligt Folkeparti,Christian People's Party,FT19_DK,6,6,vote_den,6,FT22_DK,NA,Previous crosswalks,NA,NA,NA,NA,NA,NA,NA,NA,NA
69,215,1418,NA,NA,Denmark,Dansk Folkeparti,DF,Dansk Folkeparti,Danish Peoples Party,FT19_DK,7,7,vote_den,7,FT22_DK,NA,Previous crosswalks,Dansk Folkeparti,Danish People's Party,Kept in closest to,NA,IN 2025,NA,FT22_DK,0,7
70,NA,2782,NA,NA,Denmark,Stram Kurs,NA,Stram Kurs,Hard Line,FT19_DK,19,NA,NA,NA,NA,NA,Previous crosswalks,NA,NA,NA,NA,NA,NA,NA,NA,NA
71,211,1605,NA,NA,Denmark,Venstre,V,Venstre,Liberal Party,FT19_DK,8,8,vote_den,8,FT22_DK,NA,Previous crosswalks,"Venstre, Danmarks Liberale Parti",Liberal Party,Kept in closest to and least close to,NA,IN 2025,NA,FT22_DK,0,8
72,213,306,NA,NA,Denmark,Enhedslisten,EL; ENO,Enhedslisten – De Rød-Grønne,Red-Green Alliance,FT19_DK,9,9,vote_den,9,FT22_DK,NA,Previous crosswalks,Enhedslisten - De Rød-Grønne,Red–Green Alliance,Kept in closest to and least close to,NA,IN 2025,NA,FT22_DK,0,9
73,219,2567,NA,NA,Denmark,Alternativet,A,Alternativet,The Alternative,FT19_DK,15,16,vote_den,16,FT22_DK,NA,Previous crosswalks,Alternativet,The Alternative,Kept in closest to,NA,IN 2025,NA,FT22_DK,0,16
74,1605,657,NA,NA,Sweden,Moderaterna,M,Moderaterna,Moderate Party,FT18,1,1,vote_swe,1,FT22_sweden,NA,Previous crosswalks,Moderaterna,Moderate Party,Kept in closest to and least close to,Full party name is Moderata samlingspartiet (but party names in Sweden for dataset seem to be based more on the commonly used names; e.g. Socialdemokraterna is also not formal name)  +  name as it is currently is very close to name of Denmark party : Moderaterne,IN 2025,NA,FT22,0,1
75,1603,1461,NA,NA,Sweden,Centerpartiet,C,Centerpartiet,Centre Party,FT18,2,2,vote_swe,2,FT22_sweden,NA,Previous crosswalks,Centerpartiet,Centre Party,Kept in closest to and least close to,NA,IN 2025,NA,FT22,0,2
76,1604,892,NA,NA,Sweden,Liberalerna,L,Folkpartiet,People's Party,FT18,3,3,vote_swe,3,FT22_sweden,NA,IN,Liberalerna,Liberals,Kept in closest to,NA,IN 2025,NA,FT22,0,3
77,1606,282,NA,NA,Sweden,Kristdemokraterna,KD,Kristdemokraterna,Christian Democrats,FT18,4,4,vote_swe,4,FT22_sweden,NA,Previous crosswalks,Kristdemokraterna,Christian Democrats,Kept in closest to and least close to,NA,IN 2025,NA,FT22,0,4
78,1607,1154,NA,NA,Sweden,Miljöpartiet,MP,Miljöpartiet de Gröna,Greens,FT18,5,5,vote_swe,5,FT22_sweden,NA,Previous crosswalks,Miljöpartiet,Green Party,Kept in closest to,NA,IN 2025,NA,FT22,0,5
79,1602,904,NA,NA,Sweden,Socialdemokraterna,SAP,Socialdemokraterna,Social Democrats,FT18,6,6,vote_swe,6,FT22_sweden,NA,Previous crosswalks,Socialdemokraterna,Social Democrats,Kept in closest to and least close to,NA,IN 2025,NA,FT22,0,6
80,1601,882,NA,NA,Sweden,Vänsterpartiet,V,Vänsterpartiet (kommunisterna),Left Party (Communists),FT18,7,7,vote_swe,7,FT22_sweden,NA,Previous crosswalks,Vänsterpartiet,Left Party,Kept in closest to and least close to,NA,IN 2025,NA,FT22,0,7
81,1610,1546,NA,NA,Sweden,Sverigedemokraterna,SD,Sverigedemokraterna,Sweden Democrats,FT18,10,10,vote_swe,10,FT22_sweden,NA,Previous crosswalks,Sverigedemokraterna,Sweden Democrats,Kept in closest to and least close to,NA,IN 2025,NA,FT22,0,10
82,1403,94,NA,NA,Finland,Keskusta,KESK,Keskusta,Centre Party,FT19,1,1,vote_int_fin,1,FT23,NA,Previous crosswalks,Keskusta,Centre Party,Kept in closest to and least close to,Full name: Suomen Keskusta,IN 2025,NA,FT23,1,1
83,1402,1118,NA,NA,Finland,Kokoomus,KOK,Kansallinen Kokoomus – Samlingspartiet,National Coalition Party,FT19,2,2,vote_int_fin,2,FT23,NA,Previous crosswalks,Kokoomus,National Coalition Party,Kept in closest to and least close to,Full name: Kansallinen Kokoomus,IN 2025,NA,FT23,2,2
84,1401,395,NA,NA,Finland,"SDP, Sosialidemokraattinen Puolue",SDP;SSDP,Suomen Sosialidemokraattinen Puolue – Finlands Socialdemokratiska Parti,Social Democratic Party of Finland,FT19,3,3,vote_int_fin,3,FT23,NA,Previous crosswalks,"SDP, Sosialidemokraattinen Puolue","SDP, Social Democratic Party",Kept in closest to and least close to,NA,IN 2025,NA,FT23,3,3
85,1404,1292,NA,NA,Finland,Vasemmistoliitto,VAS; DL,Demokraattinen Liitto – Demokratiska Förbundet | Vasemmistoliitto – Vänsterförbundet,Democratic Union | Left Alliance,FT19,4,4,vote_int_fin,4,FT23,NA,Previous crosswalks,Vasemmistoliitto,Left Alliance,Kept in closest to and least close to,NA,IN 2025,NA,FT23,4,4
86,1408,1062,NA,NA,Finland,Vihreä liitto,VIHR,Vihreä Liitto – Gröna Förbundet,Green League,FT19,5,5,vote_int_fin,5,FT23,NA,Previous crosswalks,Vihreä liitto,Green League,Kept in closest to and least close to,NA,IN 2025,NA,FT23,5,5
87,1409,1463,NA,NA,Finland,Kristillisdemokraatit,SKL;KD,Kristillisdemokraatit – Kristdemokraterna,Christian Democrats,FT19,6,6,vote_int_fin,6,FT23,NA,Previous crosswalks,Kristillisdemokraatit,Christian Democrats,Kept in closest to,NA,IN 2025,NA,FT23,6,6
88,1406,585,NA,NA,Finland,"RKP, Suomen ruotsalainen kansanpuolue",RKP/SFP,Ruotsalainen Kansanpuolue – Svenska Folkepartiet i Finland,Swedish People's Party,FT19,7,7,vote_int_fin,7,FT23,NA,Previous crosswalks,"RKP, Suomen ruotsalainen kansanpuolue","SFP, Swedish People's Party of Finland",Kept in closest to,NA,IN 2025,NA,FT23,7,7
89,1405,200,NA,NA,Finland,Perussuomalaiset,SP; P; PS,Suomen Puolue | Perussuomalaiset,Finnish Party | True Finns,FT19,8,8,vote_int_fin,8,FT23,NA,Previous crosswalks,Perussuomalaiset,Finns Party (True Finns),Kept in closest to and least close to,NA,IN 2025,NA,FT23,8,8
90,NA,2645,NA,NA,Finland,Sininen tulevaisuus,NA,Uusi vaihtoehto | Sininen tulevaisuus,New Alternative | Blue Reform,FT19,18,NA,NA,NA,NA,NA,Previous crosswalks,NA,NA,NA,NA,NA,NA,NA,NA,NA
91,2606,664,NA,NA,Poland,Koalicja Polska,PSL,Polskie Stronnictwo Ludowe,Polish People's Party,pastvoteSejm_2019,1,1,vote_pol,NA,NA,NA,Previous crosswalks,NA,NA,NA,NA,NA,NA,NA,NA,NA
92,2605,528,NA,NA,Poland,"Prawo I Sprawiedliwość, PiS",PiS,Prawo i Sprawiedliwość,Law and Justice,pastvoteSejm_2019,2,2,vote_pol,1,PL_party_voted_2023,NA,Previous crosswalks,"Prawo I Sprawiedliwość, PiS",Law and Justice,Kept in closest to and least close to,NA,IN 2025,NA,PL_party_voted_2023,0,1
93,2601;2620,2790;2790,0.78;0.22,0.78;0.22,Poland,Lewica,Nowa Lewica,Lewica Razem,Left Together,pastvoteSejm_2019,3,3,vote_pol,3,PL_party_voted_2023,NA,Previous crosswalks,Nowa Lewica,New Left,Kept in closest to and least close to,"POLITICO focuses on party called Lewica (SLD, Wiosna & Razem) + Wikipedia says that 'The Left' party ""technically participated as the 'New Left' in 2023"" --> Not sure if name should be changed to lewica only?",IN 2025,NA,PL_party_voted_2023,0,3
94,2619,548,NA,NA,Poland,Konfederacja Wolność I Niepodległość,Konfederacja,Konfederacja Polski Niepodległej,Confederation for Independent Poland,pastvoteSejm_2019,4,4,vote_pol,5,PL_party_voted_2023,NA,IN,Konfederacja Wolność I Niepodległość,Confederation Liberty and Independence,Kept in closest to and least close to,NA,IN 2025,NA,PL_party_voted_2023,0,5
95,2603;2618,512;2601,0.8;0.2,0.8;0.2,Poland,"Koalicja Obywatelska, KO",NA,NA,NA,NA,NA,5,vote_pol,2,PL_party_voted_2023,NA;NA,IN,"Koalicja Obywatelska, KO",Civic Coalition,Kept in closest to and least close to,NA,IN 2025,NA,PL_party_voted_2023,0,2
96,2701,1120,NA,NA,Romania,Partidul Social Democrat (PSD),PSD,Partidul Social Democrat,Social Democratic Party,pastvote2020RO,1,1,vote_rom,1,RO_2020vote_recode_tabs,NA,Previous crosswalks,Partidul Social Democrat (PSD),Social Democratic Party,Kept in closest to and least close to,NA,IN 2025,NA,RO_partyvoted_2024,1,1
97,2705,1015,NA,NA,Romania,Partidul Național Liberal (PNL),PNL,Partidul Naţional Liberal,National Liberal Party,pastvote2020RO,2,2,vote_rom,2,RO_2020vote_recode_tabs,NA,Previous crosswalks,Partidul Național Liberal (PNL),National Liberal Party,Kept in closest to and least close to,NA,IN 2025,NA,RO_partyvoted_2024,3,3
98,2713,2646,NA,NA,Romania,Alianța 2020 USR-PLUS,USR,"Uniunea Salvați România | Partidul Libertate, Unitate și Solidaritate","Save Romania Union | Party of Liberty, Unity and Solidarity",pastvote2020RO,3,3,vote_rom,3,RO_2020vote_recode_tabs,NA,Previous crosswalks,NA,NA,NA,NA,NA,NA,NA,NA,NA
99,2715,2807,NA,NA,Romania,Alianța pentru Unirea Românilor (AUR),AUR,Alianța pentru Unirea Românilor,Alliance for the Unity of Romanians,pastvote2020RO,4,4,vote_rom,4,RO_2020vote_recode_tabs,NA,Previous crosswalks,Alianța pentru Unirea Românilor (AUR),Alliance for the Union of Romanians,Kept in closest to and least close to,NA,IN 2025,NA,RO_partyvoted_2024,2,2
100,2706,948,NA,NA,Romania,Romániai Magyar Demokrata Szövetség (RMDSZ)/ Uniunea Democrată Maghiară din România (UDMR),UDMR,Uniunea Democrată Maghiară din România,Democratic Union of Hungarians in Romania,pastvote2020RO,5,5,vote_rom,5,RO_2020vote_recode_tabs,NA,Previous crosswalks,Romániai Magyar Demokrata Szövetség (RMDSZ)/ Uniunea Democrată Maghiară din România (UDMR),Democratic Alliance of Hungarians in Romania,Kept in closest to and least close to,NA,IN 2025,NA,RO_partyvoted_2024,7,7
101,2711,2395,NA,NA,Romania,Partidul Mișcarea Populară (PMP),PMP,Partidul Mișcarea Populară,People's Movement Party,pastvote2020RO,6,6,vote_rom,6,RO_2020vote_recode_tabs,NA,Previous crosswalks,Partidul Mișcarea Populară (PMP),People's Movement Party,Removed from survey,No seats in parliament,IN 2025,NA,RO_partyvoted_2024,NA,NA
102,2714,2746,NA,NA,Romania,PRO România (PRO),PRO,PRO România,PRO Romania,pastvote2020RO,7,7,vote_rom,7,RO_2020vote_recode_tabs,NA,Previous crosswalks,PRO România (PRO),PRO Romania,Removed from survey,Did not stand in election,IN 2025,NA,RO_partyvoted_2024,NA,NA
103,2302,437,NA,NA,Hungary,Fidesz–KDNP pártszövetség,Fidesz,Fidesz – Magyar Polgári Szövetség / Kereszténydemokrata Néppárt,Fidesz -- Hungarian Civic Party / Christian Democratic People's Party,pastvote2020HU,1,1,vote_hun,1,HU_2022vote_recode_tabs,NA,IN,Fidesz–KDNP pártszövetség,Fidesz–KDNP Party Alliance (Fidesz – Hungarian Civic Alliance & Christian Democratic People's Party),Kept in closest to and least close to,NA,IN 2025,NA,HU_partyvoted_2022,0,1
104,2301;2308;2309;2311;2314;2317,1591;600;403;1970;2659;0,1/6;1/6;1/6;1/6;1/6;1/6,0.2;0.2;0.2;0.2;0.2;0,Hungary,Egységben Magyarországért,United for Hungary,Jobbik Magyarországért Mozgalom,Jobbik Movement for a Better Hungary,pastvote2020HU,2,2,vote_hun,2,HU_2022vote_recode_tabs,NA,Previous crosswalks,NA,NA,NA,NA,NA,NA,NA,NA,NA
105,2316,1591,NA,NA,Hungary,Mi Hazánk Mozgalom (MHM),MHM,Magyar Szocialista Párt,Hungarian Socialist Party,pastvote2020HU,3,3,vote_hun,3,HU_2022vote_recode_tabs,NA,Previous crosswalks,Mi Hazánk Mozgalom (MHM),Our Homeland Movement,Kept in closest to and least close to,NA,IN 2025,NA,HU_partyvoted_2022,0,3
106,2309,403,NA,NA,Hungary,Lehet Más a Politika (LMP),LMP-MZP,Lehet Más a Politika,Politics Can Be Different,pastvote2020HU,4,NA,NA,NA,NA,NA,Previous crosswalks,NA,NA,NA,NA,NA,NA,NA,NA,NA
107,2311,1970,NA,NA,Hungary,Demokratikus Koalíció (DK),DK,Demokratikus Koalíció,Democratic Coalition,pastvote2020HU,5,NA,NA,NA,NA,NA,Previous crosswalks,NA,NA,NA,NA,NA,NA,NA,NA,NA
108,2314,2659,NA,NA,Hungary,Momentum Mozgalom (Momentum),MM,Momentum Mozgalom,Momentum Movement,pastvote2020HU,6,NA,NA,NA,NA,NA,Previous crosswalks,NA,NA,NA,NA,NA,NA,NA,NA,NA
109,NA,2318,NA,NA,Hungary,Együtt – A Korszakváltók Pártja (Együtt),NA,Együtt – A Korszakváltók Pártja,Together -- Party for a New Era,pastvote2020HU,7,NA,NA,NA,NA,NA,Previous crosswalks,NA,NA,NA,NA,NA,NA,NA,NA,NA
110,2506,1045,NA,NA,Lithuania,"Tėvynės sąjunga – Lietuvos krikščionys demokratai, TS-LKD",TS-LKD,Tėvynės sąjunga,Homeland Union,pastvote2020LT,1,1,vote_lit,1,pastvote2020LT,NA,Previous crosswalks,"Tėvynės sąjunga – Lietuvos krikščionys demokratai, TS-LKD",Homeland Union – Lithuanian Christian Democrats,Kept in closest to and least close to,NA,IN 2025,NA,pastvote2024_lithuania,2,2
111,2507;2507,21;1632,0.5;0.5,0.5;0.5,Lithuania,"Lietuvos valstiečių ir žaliųjų sąjunga, LVŽS",NA,NA,NA,NA,NA,2,vote_lit,2,pastvote2020LT,could not figure out how to weigh parlgov coalitions that are not ches because when no unique coalition id in parlgov simply has one of the parties with vote share and other without;could not figure out how to weigh parlgov coalitions that are not ches because when no unique coalition id in parlgov simply has one of the parties with vote share and other without,IN,"Lietuvos valstiečių ir žaliųjų sąjunga, LVŽS",Lithuanian Farmers and Greens Union,Kept in closest to and least close to,NA,IN 2025,NA,pastvote2024_lithuania,NA,NA
112,2516,581,NA,NA,Lithuania,"Darbo partija, DP",DP,Darbo partija,Labour Party,pastvote2020LT,3,3,vote_lit,3,pastvote2020LT,NA,Previous crosswalks,"Darbo partija, DP",Labour Party,Kept in closest to,NA,IN 2025,NA,pastvote2024_lithuania,NA,NA
113,2501,1277,NA,NA,Lithuania,"Lietuvos socialdemokratų partija, LSDP",LSDP,Lietuvos socialdemokratų partija,Lithuanian Social Democratic Party,pastvote2020LT,4,4,vote_lit,4,pastvote2020LT,NA,Previous crosswalks,"Lietuvos socialdemokratų partija, LSDP",Social Democratic Party of Lithuania,Kept in closest to and least close to,NA,IN 2025,NA,pastvote2024_lithuania,1,1
114,2524,2805,NA,NA,Lithuania,Laisvės partija,LSDDP/LRP,Laisvės partija,Freedom Party,pastvote2020LT,5,5,vote_lit,5,pastvote2020LT,NA,Previous crosswalks,Laisvės partija,Freedom Party,Kept in closest to,NA,IN 2025,NA,pastvote2024_lithuania,NA,NA
115,2518,482,NA,NA,Lithuania,"Lietuvos Respublikos Liberalų sąjūdis, LRLS",LRLS,Lietuvos Respublikos liberalų sąjūdis,Liberals Movement of the Republic of Lithuania,pastvote2020LT,6,6,vote_lit,6,pastvote2020LT,NA,Previous crosswalks,"Lietuvos Respublikos Liberalų sąjūdis, LRLS",Liberal Movement of the Republic of Lithuania,Kept in closest to and least close to,NA,IN 2025,NA,pastvote2024_lithuania,5,5
116,2511,28,NA,NA,Lithuania,"Lietuvos lenkų rinkimų akcija – Krikščioniškų šeimų sąjunga, LLRA–KŠS",LLRA,Lietuvos lenkų rinkimų akcija,Election Action of Lithuania's Poles,pastvote2020LT,7,7,vote_lit,7,pastvote2020LT,NA,Previous crosswalks,"Lietuvos lenkų rinkimų akcija – Krikščioniškų šeimų sąjunga, LLRA–KŠS",Electoral Action of Poles in Lithuania – Christian Families Alliance,Kept in closest to,NA,IN 2025,NA,pastvote2024_lithuania,NA,NA
117,NA,2763,NA,NA,Lithuania,"Lietuvos regionų partija, LRP",NA,Lietuvos socialdemokratų darbo partija,Social Democratic Labour Party of Lithuania,pastvote2020LT,8,8,vote_lit,8,pastvote2020LT,NA,IN,"Lietuvos regionų partija, LRP",Lithuanian Regions Party,Kept in closest to,NA,IN 2025,NA,pastvote2024_lithuania,NA,NA
118,402,47,NA,NA,Greece,Νέα Δημοκρατία (ΝΔ),ND,Néa Đimokratía,New Democracy,pastvote2019EL,1,1,vote_int_gre,1,GR_partyvoted_2023,NA,Previous crosswalks,Νέα Δημοκρατία (ΝΔ),New Democracy (ND),Kept in closest to and least close to,NA,IN 2025,NA,GR_partyvoted_2023,NA,NA
119,403;403,1441;1592,0.5;0.5,0.5;0.5,Greece,ΣΥΡΙΖΑ,NA,NA,NA,NA,NA,2,vote_int_gre,2,GR_partyvoted_2023,could not figure out how to weigh parlgov coalitions that are not ches because when no unique coalition id in parlgov simply has one of the parties with vote share and other without;could not figure out how to weigh parlgov coalitions that are not ches because when no unique coalition id in parlgov simply has one of the parties with vote share and other without,IN,ΣΥΡΙΖΑ,Coalition of the Radical Left (SYRIZA),Kept in closest to and least close to,NA,IN 2025,NA,GR_partyvoted_2023,NA,NA
120,401,1338,NA,NA,Greece,Κίνημα Αλλαγής (ΚΙΝΑΛ),PASOK,Panellinio Sosialistikó Kínima,Panhellenic Socialist Movement,pastvote2019EL,3,3,vote_int_gre,3,GR_partyvoted_2023,NA,Previous crosswalks,ΠΑΣΟΚ - Κίνημα Αλλαγής (ΚΙΝΑΛ),PASOK – Movement for Change (KINAL),Kept in closest to and least close to,NA,IN 2025,NA,GR_partyvoted_2023,NA,NA
121,404,614,NA,NA,Greece,Κομμουνιστικό Κόμμα Ελλάδας,KKE,Kommounistikó Kómma Elládas,Communist Party of Greece,pastvote2019EL,4,4,vote_int_gre,4,GR_partyvoted_2023,NA,Previous crosswalks,Κομμουνιστικό Κόμμα Ελλάδας,Communist Party of Greece,Kept in closest to and least close to,NA,IN 2025,NA,GR_partyvoted_2023,NA,NA
122,416,2780,NA,NA,Greece,Ελληνική Λύση,EL,Elliniki Lisi,Greek Solution,pastvote2019EL,5,5,vote_int_gre,6,GR_partyvoted_2023,NA,Previous crosswalks,Ελληνική Λύση,Greek Solution,Kept in closest to,NA,IN 2025,NA,GR_partyvoted_2023,NA,NA
123,417,2742,NA,NA,Greece,"Μέτωπο Ευρωπαϊκής Ρεαλιστικής Ανυπακοής, MeRA25",MR25,Métopo Evropaikís Realistikís Anypakoís,European Realistic Disobedience Front,pastvote2019EL,6,6,vote_int_gre,5,GR_partyvoted_2023,NA,Previous crosswalks,"Μέτωπο Ευρωπαϊκής Ρεαλιστικής Ανυπακοής, MeRA25","Front of European Realistic Disobedience, MeRA25",Kept in closest to,NA,IN 2025,NA,GR_partyvoted_2023,NA,NA
124,415,2092,NA,NA,Greece,Χρυσή Αυγή,XA,Laikos Syndesmos – Chrysi Avg,Peoples Association -- Golden Dawn,pastvote2019EL,7,7,vote_int_gre,7,GR_partyvoted_2023,NA,Previous crosswalks,NA,NA,NA,NA,NA,NA,NA,NA,NA
125,2010;2010,1541;423,0.5;0.5,0.5;0.5,Bulgaria,ГЕРБ-СДС,NA,NA,NA,NA,NA,1,vote_bul,1,pastvote2023_bulgaria,could not figure out how to weigh parlgov coalitions that are not ches because when no unique coalition id in parlgov simply has one of the parties with vote share and other without;could not figure out how to weigh parlgov coalitions that are not ches because when no unique coalition id in parlgov simply has one of the parties with vote share and other without,IN,ГЕРБ-СДС,GERB-SDS,Kept in closest to and least close to,NA,IN 2025,NA,BG_partyvoted_2024,1,1
126,2022,1541,NA,NA,Bulgaria,"Продължаваме промяната /  Демократична България, ДБ",PP,Grazhdani za Evropeysko Razvitie na Balgariya,Citizens for European Development of Bulgaria,pastvote21BG_we,2,2,vote_bul,2,pastvote2023_bulgaria,NA,Previous crosswalks,NA,NA,NA,NA,NA,NA,NA,NA,NA
127,2004,1286,NA,NA,Bulgaria,"Движение за права и свободи, ДПС",DPS,Dvizhenie za Prava i Svobodi,Movement for Rights and Freedoms,pastvote21BG_we,3,3,vote_bul,3,pastvote2023_bulgaria,NA,IN,"Движение за права и свободи, ДПС",Movement for Rights and Freedoms,Removed from survey,Feud between members led to creation of new parties based on this one; see new parties,IN 2025,NA,BG_partyvoted_2024,6,6
128,2020,57,NA,NA,Bulgaria,Възраждане,Vazrazhdane,Demokrati za Silna Balgariya | Demokratichna Balgariya,Democrats for a Strong Bulgaria | Democratic Bulgaria,pastvote21BG_we,4,4,vote_bul,4,pastvote2023_bulgaria,NA,Previous crosswalks,Възраждане,Revival,Kept in closest to and least close to,NA,IN 2025,NA,BG_partyvoted_2024,3,3
129,2003,1160,NA,NA,Bulgaria,БСП за България,BSP,Koalitsiya za Balgariya | Demokratichna Levitsa,Coalition for Bulgaria | Democratic Left,pastvote21BG_we,5,5,vote_bul,5,pastvote2023_bulgaria,NA,IN,БСП за България,BSP – United Left,Kept in closest to and least close to,Name is coalition for Bulgaria on POLITICO -- called BSP-United Left on wikipedia + IPU,IN 2025,NA,BG_partyvoted_2024,5,5
130,2018;2008,57;2638,0.5;0.5,0.5;0.5,Bulgaria,"Демократична България, ДБ",DB,NA,NA,pastvote21BG_we,6,6,vote_bul,NA,NA,NA,Previous crosswalks,NA,NA,NA,NA,NA,NA,NA,NA,NA
131,2814,1759,NA,NA,Slovakia,"OBYČAJNÍ ĽUDIA a nezávislé osobnosti (OĽANO), NOVA, Kresťanská únia (KÚ), ZMENA ZDOLA: OĽANO-NOVA-KÚ-ZMENA Z",OLaNO,Obyčajní ľudia a nezávislé osobnosti,Ordinary People and Independent,pastvote20SK,1,1,vote_slo,4,pastvote2023_slovakia,NA,Previous crosswalks,NA,NA,NA,NA,NA,NA,NA,NA,NA
132,2803,220,NA,NA,Slovakia,"Smer – sociálna demokracia, SMER–SD",Smer-SD,Smer – sociálna demokracia,Direction -- Social Democracy,pastvote20SK,2,2,vote_slo,1,pastvote2023_slovakia,NA,Previous crosswalks,"Smer – sociálna demokracia, SMER–SD",Direction – Social Democracy,Kept in closest to and least close to,NA,IN 2025,NA,SK_partyvoted_2023,0,1
133,2818,2623,NA,NA,Slovakia,Sme rodina,Sme Rodina,Sme Rodina – Boris Kollár,We are family -- Boris Kollar,pastvote20SK,3,3,vote_slo,NA,NA,NA,Previous crosswalks,Sme rodina,We Are Family,Kept in closest to,NA,IN 2025,NA,SK_partyvoted_2023,0,NA
134,2817,586,NA,NA,Slovakia,"Ľudová strana naše Slovensko, ĽSNS",LSNS,Ľudová strana Naše Slovensko,People's Party Our Slovakia,pastvote20SK,4,4,vote_slo,NA,NA,NA,Previous crosswalks,NA,NA,NA,NA,NA,NA,NA,NA,NA
135,2819;2820,2752;2752,0.5;0.5,0.5;0.5,Slovakia,Progresívne Slovensko SPOLU – občianska demokracia,PS,SPOLU – občianska demokracia,TOGETHER -- Civic Democracy,pastvote20SK,5,5,vote_slo,2,pastvote2023_slovakia,NA,Previous crosswalks,NA,NA,NA,NA,NA,NA,NA,NA,NA
136,2812,1460,NA,NA,Slovakia,"Sloboda a solidarita, SaS",SaS,Sloboda a solidarita,Freedom and Solidarity,pastvote20SK,6,6,vote_slo,6,pastvote2023_slovakia,NA,Previous crosswalks,"Sloboda a solidarita, SaS",Freedom and Solidarity,Kept in closest to and least close to,NA,IN 2025,NA,SK_partyvoted_2023,0,6
137,2821,2796,NA,NA,Slovakia,Za ľudí,Za L'udi,Za ľudí,For the People,pastvote20SK,7,7,vote_slo,NA,NA,NA,Previous crosswalks,NA,NA,NA,NA,NA,NA,NA,NA,NA
138,2805,1432,NA,NA,Slovakia,"Kresťanskodemokratické hnutie, KDH",KDH,Kresťanskodemokratické hnutie,Christian Democratic Movement,pastvote20SK,8,8,vote_slo,5,pastvote2023_slovakia,NA,Previous crosswalks,"Kresťanskodemokratické hnutie, KDH",Christian Democratic Movement,Kept in closest to and least close to,NA,IN 2025,NA,SK_partyvoted_2023,0,5
139,3101,276,NA,NA,Croatia,"Hrvatska demokratska zajednica, HDZ",HDZ,Hrvatska demokratska zajednica,Croatian Democratic Union,pastvote2020HR,1,1,vote_cro,1,HR_2020vote_recode_tabs,NA,Previous crosswalks,"Hrvatska demokratska zajednica, HDZ",Croatian Democratic Union (HDZ),Kept in closest to and least close to,NA,IN 2025,NA,HR_partyvoted_2024,NA,NA
140,3102;3103;3106;3108,1493;1465;1627;2134,0.85;0.05;0.05;0.05,0.85;0.05;0.05;0.05,Croatia,Restart koalicija,NA,NA,NA,NA,NA,2,vote_cro,2,HR_2020vote_recode_tabs,NA;NA;NA;NA,IN,Restart koalicija,Rivers of Justice,Kept in closest to and least close to,SDP-le coalition --> names rivers of justice now (Rijeke pravde),IN 2025,NA,HR_partyvoted_2024,NA,NA
141,3122,2809,NA,NA,Croatia,"Domovinski pokret Miroslava Škore, DPMŠ",DPS,Domovinski pokret,Homeland Movement,pastvote2020HR,3,3,vote_cro,3,HR_2020vote_recode_tabs,NA,Previous crosswalks,"Domovinski pokret Miroslava Škore, DPMŠ",The Homeland Movement,Kept in closest to and least close to,Name now should be just 'Domovinski pokret',IN 2025,NA,HR_partyvoted_2024,NA,NA
142,3115,2615,NA,NA,Croatia,Most,Most,Most nezavisnih lista,Bridge of Independent Lists,pastvote2020HR,4,4,vote_cro,4,HR_2020vote_recode_tabs,NA,Previous crosswalks,Most,Bridge (Most),Kept in closest to and least close to,NA,IN 2025,NA,HR_partyvoted_2024,NA,NA
143,3120,2810,NA,NA,Croatia,Zeleno–lijeva koalicija,M!,Možemo! – politička platforma,We Can! -- Political Platform,pastvote2020HR,5,5,vote_cro,5,HR_2020vote_recode_tabs,NA,IN,NA,NA,NA,NA,NA,NA,NA,NA,NA
144,3121,2772,NA,NA,Croatia,Centar,Centre,Pametno,Intelligently,pastvote2020HR,6,6,vote_cro,6,HR_2020vote_recode_tabs,NA,Previous crosswalks,Centar,Center,Removed from survey,NA,IN 2025,NA,HR_partyvoted_2024,NA,NA
147,2023,2871,NA,NA,Bulgaria,Български възход,Bulgarian Rise,Balgarski vazhod,Bulgarian Rise,NA,NA,7,vote_bul,NA,NA,NA,Previous crosswalks,Български възход,Bulgarian Rise,Removed from survey,Failed to enter parliament,IN 2025,NA,BG_partyvoted_2024,NA,NA
148,NA,2873,NA,NA,Italy,Italexit,NA,Italext per l'Italia,Italexit for Italy,NA,NA,NA,NA,NA,NA,NA,Previous crosswalks,Italexit,Italexit,Kept in closest to,NA,IN 2025,NA,IT_pastvote_2022,9,9
149,NA,2874,NA,NA,Italy,Italia Sovrana e Popolare,NA,Italia sovrana e Popolare,Sovereign and Popular Italy,NA,NA,NA,NA,NA,NA,NA,IN,Italia Sovrana e Popolare,Sovereign and Popular Italy,Kept in closest to,NA,IN 2025,NA,IT_pastvote_2022,10,10
150,NA,1321,NA,NA,Italy,Unione Popolare,NA,Partito della Rifondazione Comunista,Communist Refoundation Party,NA,NA,NA,NA,NA,NA,NA,IN,Unione Popolare,People's Union,Kept in closest to,NA,IN 2025,NA,IT_pastvote_2022,11,11
151,838,465,NA,NA,Italy,Alleanza Verdi-Sinistra,SI-EV,Sinistra,Left,NA,NA,8,vote_ita,8,Vote_22_Quote_IT,NA,Previous crosswalks,Alleanza Verdi-Sinistra,Green–Left Alliance,Kept in closest to,NA,IN 2025,NA,IT_pastvote_2022,0,8
152,NA,806,NA,NA,Finland,Suomen Kommunistinen Puolue,NA,Suomen Kommunistinen Puolue  (Yhtenäisyys) – Finlands Kommunistiska Partiet (Enhet),Communist  Party of Finland (Unity),NA,NA,NA,NA,NA,NA,NA,Previous crosswalks,NA,NA,NA,NA,NA,NA,NA,NA,NA
153,NA,0,NA,NA,Finland,Muutos 2011,NA,NA,NA,NA,NA,NA,NA,NA,NA,NA,IN,NA,NA,NA,NA,NA,NA,NA,NA,NA
154,NA,0,NA,NA,Finland,Vapauspuolue – Suomen tulevaisuus,NA,NA,NA,NA,NA,NA,NA,NA,NA,NA,IN,NA,NA,NA,NA,NA,NA,NA,NA,NA
155,NA,979,NA,NA,Finland,Itsenäisyyspuolue,NA,Vapaan Suomen Liitto – Självständighetspartiet,League for Free Finland,NA,NA,NA,NA,NA,NA,NA,IN,NA,NA,NA,NA,NA,NA,NA,NA,NA
156,NA,0,NA,NA,Finland,Suomen Senioripuolue,NA,NA,NA,NA,NA,NA,NA,NA,NA,NA,IN,NA,NA,NA,NA,NA,NA,NA,NA,NA
157,NA,0,NA,NA,Finland,Suomen Työväenpuolue,NA,NA,NA,NA,NA,NA,NA,NA,NA,NA,IN,NA,NA,NA,NA,NA,NA,NA,NA,NA
158,NA,0,NA,NA,Finland,Kommunistinen Työväenpuolue,NA,NA,NA,NA,NA,NA,NA,NA,NA,NA,IN,NA,NA,NA,NA,NA,NA,NA,NA,NA
159,NA,0,NA,NA,Finland,Köyhien Asialla,NA,NA,NA,NA,NA,NA,NA,NA,NA,NA,IN,NA,NA,NA,NA,NA,NA,NA,NA,NA
160,221,2887,NA,NA,Denmark,Moderaterne,M,Moderaterne,Moderates,NA,NA,21,vote_den,21,FT22_DK,NA,Previous crosswalks,Moderaterne,The Moderates,Kept in closest to and least close to,NA,IN 2025,NA,FT22_DK,0,21
161,223,0,NA,NA,Denmark,Frie Grønne,Frie Gronne,NA,NA,NA,NA,22,vote_den,22,FT22_DK,NA,IN,NA,NA,NA,NA,NA,NA,NA,NA,NA
162,222,2888,NA,NA,Denmark,Danmarksdemokraterne,DD,Danmarksdemokraterne,Denmark Demokrats,NA,NA,23,vote_den,23,FT22_DK,NA,Previous crosswalks,Danmarksdemokraterne,The Denmark Democrats,Kept in closest to and least close to,officiel title: Denmark Democrats – Inger Støjberg,IN 2025,NA,FT22_DK,0,23
163,NA,2412,NA,NA,Finland,Piraattipuolue,NA,Piraattipuolue,Pirate Party Finland,NA,NA,NA,NA,NA,NA,NA,Previous crosswalks,Piraattipuolue,Pirate Party,Removed from survey,NA,IN 2025,NA,FT23,NA,NA
164,610,270,NA,NA,France,Rassemblement National,RN,Rassemblement National,National Rally,NA,NA,2,vote_fra,2,Presidential_vote22_round1,NA,Previous crosswalks,Rassemblement National,National Rally,Kept in closest to and least close to,results include the Eric Ciotti branch of LR which affiliated itself with RN,IN 2025,NA,fr_pastvot_presidential22_round1,0,2
165,632,2860,NA,NA,France,Reconquête!,Reconquete,Reconquête,Reconquest,NA,NA,4,vote_fra,4,Presidential_vote22_round1,NA,Previous crosswalks,Reconquête!,Reconquest!,Removed from survey,No candidates elected in legislative elections,IN 2025,NA,fr_pastvot_presidential22_round1,0,4
166,605,873,NA,NA,France,Europe Écologie Les Verts,EELV,Les Verts,Greens,NA,NA,5,vote_fra,5,Presidential_vote22_round1,NA,IN,NA,NA,NA,NA,NA,NA,NA,NA,NA
167,630,0,NA,NA,France,Résistons!,Resistons,NA,NA,NA,NA,7,vote_fra,7,Presidential_vote22_round1,NA,IN,Résistons!,Resist!,Removed from survey,No candidates elected in legislative elections,IN 2025,NA,fr_pastvot_presidential22_round1,0,7
168,601,686,NA,NA,France,Parti Communiste Français,PCF,Parti communiste française,French Communist Party,NA,NA,8,vote_fra,8,Presidential_vote22_round1,NA,Previous crosswalks,NA,NA,NA,NA,NA,NA,NA,NA,NA
169,628,2399,NA,NA,France,Debout La France,DLF,Debout la république | Debout la France,Republic Arise | France Arise,NA,NA,9,vote_fra,9,Presidential_vote22_round1,NA,Previous crosswalks,Debout La France,Stand Up France,Removed from survey,No candidates elected in legislative elections,IN 2025,NA,fr_pastvot_presidential22_round1,0,9
170,631,0,NA,NA,France,Nouveau Parti Anticapitaliste,NPA,NA,NA,NA,NA,11,vote_fra,11,Presidential_vote22_round1,NA,IN,Nouveau Parti Anticapitaliste,New Anticapitalist Party,Removed from survey,1 seat won,IN 2025,NA,fr_pastvot_presidential22_round1,0,11
171,614,1176,NA,NA,France,Lutte Ouvrière,Lutte Ouvriere,Lutte ouvrière,Workers' Struggle,NA,NA,12,vote_fra,12,Presidential_vote22_round1,NA,IN,Lutte Ouvrière,Workers' Struggle,Removed from survey,No candidates elected in legislative elections,IN 2025,NA,fr_pastvot_presidential22_round1,0,12
172,629,2273,NA,NA,France,Union des démocrates et indépendants,UDI,Union des démocrates et indépendants,Union of Democrats and Independents,NA,NA,NA,NA,NA,NA,NA,Previous crosswalks,Union des démocrates et indépendants,Union of Democrats and Independents,Removed from survey,5 seats won,IN 2025,NA,fr_pastvot_presidential22_round1,0,NA
173,603,1492,NA,NA,France,Parti radical de gauche,PRG,Parti radical de gauche,Radical Party of the Left,NA,NA,NA,NA,NA,NA,NA,Previous crosswalks,NA,NA,NA,NA,NA,NA,NA,NA,NA
174,415,2092,NA,NA,Greece,Εθνικό Kόμμα – Έλληνες,XA,Laikos Syndesmos – Chrysi Avg,Peoples Association -- Golden Dawn,NA,NA,7,vote_int_gre,7,GR_partyvoted_2023,NA,IN,NA,NA,NA,NA,NA,NA,NA,NA,NA
175,NA,0,NA,NA,Greece,Εθνική Δημιουργία,NA,NA,NA,NA,NA,NA,NA,NA,NA,NA,IN,NA,NA,NA,NA,NA,NA,NA,NA,NA
176,2623,0,NA,NA,Poland,Polska 2050,P2050,NA,NA,NA,NA,NA,NA,NA,NA,NA,IN,NA,NA,NA,NA,NA,NA,NA,NA,NA
177,2606,664,NA,NA,Poland,Polskie Stronnictwo Ludowe,PSL,Polskie Stronnictwo Ludowe,Polish People's Party,NA,NA,1,vote_pol,NA,NA,NA,Previous crosswalks,NA,NA,NA,NA,NA,NA,NA,NA,NA
178,NA,0,NA,NA,UK,Independents,NA,NA,NA,NA,NA,NA,NA,NA,NA,NA,IN,NA,NA,NA,NA,NA,NA,NA,NA,NA
179,NA,0,NA,NA,UK,Gwald Gwald,NA,NA,NA,NA,NA,NA,NA,NA,NA,NA,IN,NA,NA,NA,NA,NA,NA,NA,NA,NA
180,NA,0,NA,NA,UK,Cynon Valley,NA,NA,NA,NA,NA,NA,NA,NA,NA,NA,IN,NA,NA,NA,NA,NA,NA,NA,NA,NA
181,501,902,NA,NA,Spain,Partit dels Socialistes de Catalunya,PSOE,Partido Socialista Obrero Español,Spanish Socialist Workers Party,NA,NA,NA,NA,NA,NA,NA,Previous crosswalks,Partit dels Socialistes de Catalunya,Socialists' Party of Catalonia,Kept in closest to and least close to,Catalan elections focus (I am assuming) is reason to keep party,IN 2025,NA,ES_pastvote_Jul2023,0,NA
182,511,757,NA,NA,Spain,Esquerra Republicana de Catalunya,ERC,Esquerra Republicana de Catalunya,Republican Left of Catalonia,NA,NA,6,vote_spa,5,ES_pastvote_Jul2023,NA,Previous crosswalks,Esquerra Republicana de Catalunya,Republican Left of Catalonia,Kept in closest to and least close to,Catalan results,IN 2025,NA,ES_pastvote_Jul2023,0,5
183,502,645,NA,NA,Spain,Partido Popular Catalán,PP,Alianza-Partido Popular,People's Alliance-Party,NA,NA,NA,NA,NA,NA,NA,Previous crosswalks,NA,NA,NA,NA,NA,NA,NA,NA,NA
184,526,2375,NA,NA,Spain,Ciudadanos-Partido de la Ciudadanía,Cs,Ciudadanos – Partido de la Ciudadanía,Citizens -- Party of the Citizenry,NA,NA,5,vote_spa,NA,NA,NA,Previous crosswalks,NA,NA,NA,NA,NA,NA,NA,NA,NA
185,NA,2330,NA,NA,Spain,Iniciativa per Catalunya Verds,NA,Iniciativa per Catalunya Verds,Initiative for Catalonia Greens,NA,NA,NA,NA,NA,NA,NA,Previous crosswalks,NA,NA,NA,NA,NA,NA,NA,NA,NA
186,NA,900,NA,NA,Poland,KWW Mniejszość Niemiecka,NA,Mniejszość niemiecka w Polsce,German minority,NA,NA,NA,NA,NA,NA,NA,Previous crosswalks,NA,NA,NA,NA,NA,NA,NA,NA,NA
187,NA,1210,NA,NA,UK,Ulster Unionist,NA,Ulster Unionist Party,Ulster Unionist Party,NA,NA,NA,NA,NA,NA,NA,Previous crosswalks,Ulster Unionist,Ulster Unionist Party (UUP),Removed from survey,Duplicate of UUP,IN 2025,NA,pastvote_ge_2024_ni,4,4
189,1406,585,NA,NA,Finland,Svenska folkpartiet i Finland / Suomen ruotsalainen kansanpuolue (SFP - RKP),RKP/SFP,Ruotsalainen Kansanpuolue – Svenska Folkepartiet i Finland,Swedish People's Party,NA,NA,7,vote_int_fin,7,FT23,NA,Previous crosswalks,NA,NA,NA,NA,NA,NA,NA,NA,NA
190,1412,638,NA,NA,Finland,Korjausliike,NA,Remonttiryhmä,Reform Group,NA,NA,NA,vote_int_fin,NA,NA,NA,Previous crosswalks,NA,NA,NA,NA,NA,NA,NA,NA,NA
191,1410,2801,NA,NA,Finland,Liike Nyt,LN,Liike Nyt,Movement Now,NA,NA,10,vote_int_fin,NA,NA,NA,Previous crosswalks,Liike Nyt,Movement Now,Kept in closest to,NA,IN 2025,NA,FT23,NA,NA
192,NA,2634,NA,NA,Lithuania,"Laisvė ir Teisingumas, LT",NA,Lietuvos laisvės sąjunga (liberalai),Lithuanian Freedom Union (Liberals),NA,NA,NA,NA,NA,NA,NA,Previous crosswalks,"Laisvė ir Teisingumas, LT",Freedom and Justice,Kept in closest to,Only got above 1% in 2nd round,IN 2025,NA,pastvote2024_lithuania,NA,NA
193,NA,2635,NA,NA,Lithuania,"Tautos ir teisingumo sąjunga (centristai, tautininkai))",NA,Lietuvos Centro Partija,Lithuanian Centre Party,NA,NA,NA,NA,NA,NA,NA,IN,"Tautos ir teisingumo sąjunga (centristai, tautininkai))","People and Justice Union (centrists, nationalists)",Kept in closest to,No 2nd round results,IN 2025,NA,pastvote2024_lithuania,NA,NA
194,NA,0,NA,NA,Lithuania,Demokratų sąjunga 'Vardan Lietuvos'; DSVL,NA,NA,NA,NA,NA,NA,NA,NA,NA,NA,IN,Demokratų sąjunga 'Vardan Lietuvos'; DSVL,"Democrats' Union ""For Lithuania""",Kept in closest to and least close to,NA,IN 2025,NA,pastvote2024_lithuania,4,4
195,2822,559,NA,NA,Slovakia,Aliancia–Szövetség,Aliancia,Maďarskej koalície – Magyar koalíció,Hungarian Coalition,NA,NA,NA,NA,NA,NA,NA,Previous crosswalks,Aliancia–Szövetség,Hungarian Alliance,Kept in closest to,NA,IN 2025,NA,SK_partyvoted_2023,0,NA
196,2803,220,NA,NA,Slovakia,"Hlas – sociálna demokracia, HLAS–SD",Smer-SD,Smer – sociálna demokracia,Direction -- Social Democracy,NA,NA,2,vote_slo,3,pastvote2023_slovakia,NA,Previous crosswalks,"Hlas – sociálna demokracia, HLAS–SD",Voice – Social Democracy,Kept in closest to and least close to,NA,IN 2025,NA,SK_partyvoted_2023,0,3
197,2809,1072,NA,NA,Slovakia,"Slovenská národná strana, SNS",SNS,Slovenská národná strana,Slovak National Party,NA,NA,NA,NA,NA,NA,NA,IN,"Slovenská národná strana, SNS",Slovak National Party,Kept in closest to and least close to,NA,IN 2025,NA,SK_partyvoted_2023,0,NA
198,NA,0,NA,NA,Slovakia,Republika,NA,NA,NA,NA,NA,NA,NA,NA,NA,NA,IN,Republika,Republic,Kept in closest to,NA,IN 2025,NA,SK_partyvoted_2023,0,NA
199,2713,2646,NA,NA,Romania,Uniunea Salvați România (USR),USR,"Uniunea Salvați România | Partidul Libertate, Unitate și Solidaritate","Save Romania Union | Party of Liberty, Unity and Solidarity",NA,NA,3,vote_rom,3,RO_2020vote_recode_tabs,NA,Previous crosswalks,Uniunea Salvați România (USR),Save Romania Union,Kept in closest to and least close to,NA,IN 2025,NA,RO_partyvoted_2024,4,4
200,2311,1970,NA,NA,Hungary,Demokratikus Koalíció (DK),DK,Demokratikus Koalíció,Democratic Coalition,NA,NA,NA,NA,NA,NA,NA,Previous crosswalks,Demokratikus Koalíció (DK),Democratic Coalition,Kept in closest to and least close to,Ran in unison with 5 other parties as 'United Opposition' or 'United for Hungary' to Fidesz for the 2022 general election;+ ran in unison with 2 others for european parliament in 2024,IN 2025,NA,HU_partyvoted_2022,0,NA
201,2308,600,NA,NA,Hungary,Jobbik Magyarországért Mozgalom (Jobbik),JOBBIK,Jobbik Magyarországért Mozgalom,Jobbik Movement for a Better Hungary,NA,NA,NA,NA,NA,NA,NA,Previous crosswalks,NA,NA,NA,NA,NA,NA,NA,NA,NA
202,2309,403,NA,NA,Hungary,Lehet Más a Politika (LMP),LMP-MZP,Lehet Más a Politika,Politics Can Be Different,NA,NA,NA,NA,NA,NA,NA,Previous crosswalks,Lehet Más a Politika (LMP),Politics Can Be Different,Kept in closest to and least close to,Party name has changed to LMP – Hungary's Green Party  ; Ran in unison with 5 other parties as 'United Opposition' or 'United for Hungary'  to Fidesz for the 2022 general election ; got 0.87% of votes in european parlaiment,IN 2025,NA,HU_partyvoted_2022,0,NA
203,2317,2659,NA,NA,Hungary,Momentum Mozgalom (Momentum),MMM,Momentum Mozgalom,Momentum Movement,NA,NA,NA,NA,NA,NA,NA,Previous crosswalks,Momentum Mozgalom (Momentum),Momentum Movement,Kept in closest to and least close to,Ran in unison with 5 other parties as 'United Opposition' to Fidesz for the 2022 general election; Got 3.7% in European election,IN 2025,NA,HU_partyvoted_2022,0,NA
204,2315,2660,NA,NA,Hungary,Magyar Kétfarkú Kutyapárt (MKKP),MKKP,Magyar Kétfarkú Kutya Párt,Hungarian Two-tailed Dog Party,NA,NA,NA,NA,NA,NA,NA,Previous crosswalks,Magyar Kétfarkú Kutyapárt (MKKP),Hungarian Two-Tailed Dog Party,Kept in closest to,NA,IN 2025,NA,HU_partyvoted_2022,0,NA
205,2301,1591,NA,NA,Hungary,Magyar Szocialista Párt (MSZP),MSZP,Magyar Szocialista Párt,Hungarian Socialist Party,NA,NA,NA,NA,NA,NA,NA,Previous crosswalks,Magyar Szocialista Párt (MSZP),Hungarian Socialist Party,Kept in closest to and least close to,Ran in unison with 5 other parties as 'United Opposition' or 'United for Hungary'  to Fidesz for the 2022 general election; + ran in unison with 2 others for european parliament in 2024,IN 2025,NA,HU_partyvoted_2022,0,NA
206,2308,2349,NA,NA,Hungary,Párbeszéd,JOBBIK,Párbeszéd Magyarországért,Dialogue for Hungary,NA,NA,NA,NA,NA,NA,NA,IN,Párbeszéd,Dialogue - The Greens' Party,Kept in closest to and least close to,Ran in unison with 5 other parties as 'United Opposition' or 'United for Hungary'  to Fidesz for the 2022 general election + ran in unison with 2 others for european parliament in 2024,IN 2025,NA,HU_partyvoted_2022,0,NA
250,1110,2729,NA,NA,UK,UK Reform,Reform UK,Brexit Party,Brexit Party,NA,NA,NA,NA,NA,NA,NA,Previous crosswalks,UK Reform,UK Reform,Kept in closest to and least close to,NA,IN 2025,NA,pastvote_ge_2024,6,6
251,NA,2795,NA,NA,NA,Aontú,NA,Aontú,Aontu,NA,NA,NA,NA,NA,NA,NA,IN,NA,NA,NA,NA,NA,NA,NA,NA,NA
252,626;613;603,2643;509;1492,0.5;0.25;0.25,0.5;0.25;0.25,France,Ensemble ! (Majorité présidentielle),NA,NA,NA,NA,NA,NA,NA,NA,NA,vote share for parlgov works weirdly so if I do not have vote share for both the weights or no ches weights is just equal -- except france where I gave renaissance (macron) and LFI weights of 0.5 and distribute the rest due to their strong influences;vote share for parlgov works weirdly so if I do not have vote share for both the weights or no ches weights is just equal -- except france where I gave renaissance (macron) and LFI weights of 0.5 and distribute the rest due to their strong influences;vote share for parlgov works weirdly so if I do not have vote share for both the weights or no ches weights is just equal -- except france where I gave renaissance (macron) and LFI weights of 0.5 and distribute the rest due to their strong influences,IN,Ensemble ! (Majorité présidentielle),Together! (Presidential Majority),Kept in closest to and least close to,NA,IN 2025,NA,fr_pastvot_presidential22_round1,0,NA
253,627;602;605;601,2644;1539;873;686,0.5;0.167;0.167;0.167,0.5;0.167;0.167;0.167,France,Nouvelle Union populaire écologique et sociale (Nupes),NA,NA,NA,NA,NA,NA,NA,NA,NA,vote share for parlgov works weirdly so if I do not have vote share for both the weights or no ches weights is just equal -- except france where I gave renaissance (macron) and LFI weights of 0.5 and distribute the rest due to their strong influences;vote share for parlgov works weirdly so if I do not have vote share for both the weights or no ches weights is just equal -- except france where I gave renaissance (macron) and LFI weights of 0.5 and distribute the rest due to their strong influences;vote share for parlgov works weirdly so if I do not have vote share for both the weights or no ches weights is just equal -- except france where I gave renaissance (macron) and LFI weights of 0.5 and distribute the rest due to their strong influences;vote share for parlgov works weirdly so if I do not have vote share for both the weights or no ches weights is just equal -- except france where I gave renaissance (macron) and LFI weights of 0.5 and distribute the rest due to their strong influences,IN,Nouvelle Union populaire écologique et sociale (Nupes),New Ecologic and Social People's Union,Kept in closest to and least close to,Coalition dissolved but same parties are part of NFP (Nouveau Front Populaire so essentially equivalent) --> Need to rename to Nouveau Front Populaire (NFP),IN 2025,NA,fr_pastvot_presidential22_round1,0,NA
254,NA,0,NA,NA,Germany,Bündnis Sahra Wagenknecht,NA,NA,NA,NA,NA,NA,NA,NA,NA,NA,IN,Bündnis Sahra Wagenknecht,Sahra Wagenknecht Alliance,Kept in closest to,NA,IN 2025,NA,q_BTW25_Quote,NA,NA
255,504;525;528,118;2724;2804,0.333;0.333;0.333,0.333;0.333;0.333,Spain,SUMAR,NA,NA,NA,NA,NA,NA,NA,4,ES_pastvote_Jul2023,vote share for parlgov works weirdly so if I do not have vote share for both the weights or no ches weights is just equal -- except france where I gave renaissance (macron) and LFI weights of 0.5 and distribute the rest due to their strong influences;vote share for parlgov works weirdly so if I do not have vote share for both the weights or no ches weights is just equal -- except france where I gave renaissance (macron) and LFI weights of 0.5 and distribute the rest due to their strong influences;vote share for parlgov works weirdly so if I do not have vote share for both the weights or no ches weights is just equal -- except france where I gave renaissance (macron) and LFI weights of 0.5 and distribute the rest due to their strong influences,IN,SUMAR,Unite,Kept in closest to and least close to,NA,IN 2025,NA,ES_pastvote_Jul2023,0,4
256,849,1330,NA,NA,Italy,Azione,A-IV,Partito d'Azione,Action Party,NA,NA,NA,NA,NA,NA,NA,Previous crosswalks,Azione,Action,Kept in closest to and least close to,Azione + Italia Viva ran together in 2022; Used to be one party wiuth code 48 in 2023 survey,IN 2025,NA,IT_pastvote_2022,0,NA
257,849,2794,NA,NA,Italy,Italia Viva,A-IV,Italia Viva,Italy Alive,NA,NA,NA,NA,NA,NA,NA,Previous crosswalks,Italia Viva,Italy Alive,Kept in closest to and least close to,Azione + Italia Viva ran together in 2022; Used to be one party wiuth code 48 in 2023 survey,IN 2025,NA,IT_pastvote_2022,0,NA
258,1005;1002,756;742,0.5;0.5,0.5;0.5,Netherlands,GROENLINKS / Partij van de Arbeid (PvdA),NA,NA,NA,NA,NA,NA,NA,2,NL_2023vote_recode,vote share for parlgov works weirdly so if I do not have vote share for both the weights or no ches weights is just equal -- except france where I gave renaissance (macron) and LFI weights of 0.5 and distribute the rest due to their strong influences;vote share for parlgov works weirdly so if I do not have vote share for both the weights or no ches weights is just equal -- except france where I gave renaissance (macron) and LFI weights of 0.5 and distribute the rest due to their strong influences,IN,GROENLINKS / Partij van de Arbeid (PvdA),GreenLeft / Labour Party,Kept in closest to and least close to,NA,IN 2025,NA,NL_partyvoted_2023,0,2
259,NA,0,NA,NA,Netherlands,Nieuw Sociaal Contract,NA,NA,NA,NA,NA,NA,NA,4,NL_2023vote_recode,NA,IN,Nieuw Sociaal Contract,New Social Contract,Kept in closest to and least close to,NA,IN 2025,NA,NL_partyvoted_2023,0,4
260,1054,2824,NA,NA,Netherlands,BoerBurgerBeweging,BBB,BoerBurgerBeweging,Farmer-Citizen Movement,NA,NA,NA,NA,6,NL_2023vote_recode,NA,IN,BoerBurgerBeweging,Farmer–Citizen Movement,Kept in closest to,NA,IN 2025,NA,NL_partyvoted_2023,0,6
261,2623;2606,0;664,0.5;0.5,0;1,Poland,Trzecia Droga (Polska 2050 i Polskie Stronnictwo Ludowe),NA,NA,NA,NA,NA,NA,NA,4,PL_party_voted_2023,vote share for parlgov works weirdly so if I do not have vote share for both the weights or no ches weights is just equal -- except france where I gave renaissance (macron) and LFI weights of 0.5 and distribute the rest due to their strong influences;vote share for parlgov works weirdly so if I do not have vote share for both the weights or no ches weights is just equal -- except france where I gave renaissance (macron) and LFI weights of 0.5 and distribute the rest due to their strong influences,IN,Trzecia Droga (Polska 2050 i Polskie Stronnictwo Ludowe),Third Way (Poland 2050 and Polish People's Party),Kept in closest to and least close to,NA,IN 2025,NA,PL_party_voted_2023,0,4
262,NA,0,NA,NA,Poland,Bezpartyjni Samorządowcy,NA,NA,NA,NA,NA,NA,NA,NA,NA,NA,IN,Bezpartyjni Samorządowcy,Nonpartisan Local Government Activists,Kept in closest to,NA,IN 2025,NA,PL_party_voted_2023,0,NA
263,NA,0,NA,NA,Romania,S.O.S. România,NA,NA,NA,NA,NA,NA,NA,NA,NA,NA,IN,S.O.S. România,S.O.S. Romania,Kept in closest to and least close to,NA,IN 2025,NA,RO_partyvoted_2024,5,5
264,NA,0,NA,NA,Romania,Partidul Umanist Social Liberal,NA,NA,NA,NA,NA,NA,NA,NA,NA,NA,IN,Partidul Umanist Social Liberal,Humanist Social Liberal Party,Removed from survey,Did not stand in election,IN 2025,NA,RO_partyvoted_2024,NA,NA
265,2308,600,NA,NA,Hungary,Jobbik – Konzervatívok,JOBBIK,Jobbik Magyarországért Mozgalom,Jobbik Movement for a Better Hungary,NA,NA,NA,NA,NA,NA,NA,Previous crosswalks,Jobbik – Konzervatívok,Jobbik – Conservatives,Kept in closest to and least close to,Ran in unison with 5 other parties as 'United Opposition' or 'United for Hungary' to Fidesz for the 2022 general election; Got < 1% of votes in european elections,IN 2025,NA,HU_partyvoted_2022,0,NA
266,NA,2901,NA,NA,Greece,Δημοκρατικό Πατριωτικό Κίνημα – ΝΙΚΗ,NA,Δημοκρατικό Πατριωτικό Κίνημα,Victory,NA,NA,NA,NA,NA,NA,NA,IN,Δημοκρατικό Πατριωτικό Κίνημα – ΝΙΚΗ,"Democratic Patriotic Movement – NIKI (""Victory"")",Kept in closest to,NA,IN 2025,NA,GR_partyvoted_2023,NA,NA
267,NA,0,NA,NA,Greece,Πλεύση Ελευθερίας,NA,NA,NA,NA,NA,NA,NA,NA,NA,NA,IN,Πλεύση Ελευθερίας,Course of Freedom,Kept in closest to,NA,IN 2025,NA,GR_partyvoted_2023,NA,NA
268,2022,1541,NA,NA,Bulgaria,Продължаваме промяната,PP,Grazhdani za Evropeysko Razvitie na Balgariya,Citizens for European Development of Bulgaria,NA,NA,NA,NA,NA,NA,NA,Previous crosswalks,Продължаваме промяната,We Continue the Change,Kept in closest to and least close to,In coalition with democratic bulgaria,IN 2025,NA,BG_partyvoted_2024,2,2
269,2018;2008,57;2638,0.5;0.5,0.5;0.5,Bulgaria,"Демократична България, ДБ",DB,NA,NA,NA,NA,NA,NA,NA,NA,NA,Previous crosswalks,"Демократична България, ДБ",Democratic Bulgaria,Kept in closest to and least close to,In coalition with we continue the change,IN 2025,NA,BG_partyvoted_2024,NA,NA
270,NA,0,NA,NA,Bulgaria,Левицата!,NA,NA,NA,NA,NA,NA,NA,NA,NA,NA,IN,Левицата!,The Left!,Removed from survey,Failed to enter parliament,IN 2025,NA,BG_partyvoted_2024,NA,NA
271,2019,2836,NA,NA,Bulgaria,"Има такъв народ, ИТН",ITN,Ima takav narod,There Is Such a People,NA,NA,NA,NA,NA,NA,NA,IN,"Има такъв народ, ИТН",There Is Such a People,Kept in closest to and least close to,NA,IN 2025,NA,BG_partyvoted_2024,7,7
272,2820,2752,NA,NA,Slovakia,Demokrati,SPOLU,SPOLU – občianska demokracia,TOGETHER -- Civic Democracy,NA,NA,NA,NA,NA,NA,NA,IN,Demokrati,Democrats,Kept in closest to,Formerly obcianska demokrati as part of coalition with code 135 (see above)-- ran alone in 2023,IN 2025,NA,SK_partyvoted_2023,0,NA
273,2814;2821,1759;2796,0.833;0.167,0.833;0.167,Slovakia,Obyčajní ľudia a nezávislé osobnosti & Za ľudí & Kresťanská únia (koalícia),NA,NA,NA,NA,NA,NA,NA,7,pastvote2023_slovakia,vote share for parlgov works weirdly so if I do not have vote share for both the weights or no ches weights is just equal -- except france where I gave renaissance (macron) and LFI weights of 0.5 and distribute the rest due to their strong influences;vote share for parlgov works weirdly so if I do not have vote share for both the weights or no ches weights is just equal -- except france where I gave renaissance (macron) and LFI weights of 0.5 and distribute the rest due to their strong influences,IN,Obyčajní ľudia a nezávislé osobnosti & Za ľudí & Kresťanská únia (koalícia),Ordinary People and Independent Personalities & For the People & Christian Union (coalition),Kept in closest to and least close to,OLaNO has renamed itself as SLOVENSKO. I recommend either changing OLANO to Slovensko and keeping the & Za l'udi & Kresťanská únia; If the goal was to focus on people who voted for coalition then rename it to OĽaNO a priatelia (OL`aNO and friends)which was the more common name for coalition (and includes a bunch of smaller parties),IN 2025,NA,SK_partyvoted_2023,0,7
274,3102,1493,NA,NA,Croatia,Socijaldemokratska partija Hrvatske,SDP,Socijaldemokratska partija Hrvatske,Social Democratic Party of Croatia,NA,NA,NA,NA,NA,NA,NA,Previous crosswalks,Socijaldemokratska partija Hrvatske,Social Democratic Party of Croatia,Kept in closest to and least close to,Main party of Rivers of justice coalition,IN 2025,NA,HR_partyvoted_2024,NA,NA
275,NA,0,NA,NA,Croatia,Socijaldemokrati,NA,NA,NA,NA,NA,NA,NA,NA,NA,NA,IN,Socijaldemokrati,Social Democrats,Kept in closest to,NA,IN 2025,NA,HR_partyvoted_2024,NA,NA
276,NA,0,NA,NA,Croatia,Hrvatski suverenisti,NA,NA,NA,NA,NA,NA,NA,NA,NA,NA,IN,Hrvatski suverenisti,Croatian Sovereignists,Removed from survey,NA,IN 2025,NA,HR_partyvoted_2024,NA,NA
277,3110,2133,NA,NA,Croatia,Samostalna demokratska srpska stranka,SDSS,Samostalna demokratska srpska stranka,Independent Democratic Serb Party,NA,NA,NA,NA,NA,NA,NA,Previous crosswalks,Samostalna demokratska srpska stranka,Independent Democratic Serb Party (SDSS),Removed from survey,Does not appear,IN 2025,NA,HR_partyvoted_2024,NA,NA
278,3120,2810,NA,NA,Croatia,Možemo! - politička platforma,M!,Možemo! – politička platforma,We Can! -- Political Platform,NA,NA,NA,NA,NA,NA,NA,IN,Možemo! - politička platforma,We Can!,Kept in closest to and least close to,NA,IN 2025,NA,HR_partyvoted_2024,NA,NA
279,3103,1465,NA,NA,Croatia,Hrvatska seljačka stranka,HSS,Hrvatska seljačka stranka,Croatian Peasant Party,NA,NA,NA,NA,NA,NA,NA,Previous crosswalks,Hrvatska seljačka stranka,Croatian Peasant Party,Removed from survey,NA,IN 2025,NA,HR_partyvoted_2024,NA,NA
280,3105,1384,NA,NA,Croatia,Hrvatska narodna stranka-Liberalni demokrati,HNS,Hrvatska narodna stranka – Liberalni demokrati,Croatian People's Party -- Liberal Democrats,NA,NA,NA,NA,NA,NA,NA,Previous crosswalks,Hrvatska narodna stranka-Liberalni demokrati,Croatian People's Party – Liberal Democrats,Removed from survey,NA,IN 2025,NA,HR_partyvoted_2024,NA,NA
281,3106,1627,NA,NA,Croatia,Istarski demokratski sabor,IDS,Istarski demokratski sabor,Istrian Democratic Assembly,NA,NA,NA,NA,NA,NA,NA,IN,Istarski demokratski sabor,Istrian Democratic Assembly,Kept in closest to,NA,IN 2025,NA,HR_partyvoted_2024,NA,NA
283,NA,0,NA,NA,Croatia,Radnička fronta,NA,NA,NA,NA,NA,NA,NA,NA,NA,NA,IN,Radnička fronta,Workers' Front,Removed from survey,NA,IN 2025,NA,HR_partyvoted_2024,NA,NA
284,NA,0,NA,NA,Croatia,Pravedna Hrvatska,NA,NA,NA,NA,NA,NA,NA,NA,NA,NA,IN,Pravedna Hrvatska,Just Croatia,Removed from survey,Does not appear,IN 2025,NA,HR_partyvoted_2024,NA,NA
285,NA,0,NA,NA,Croatia,Fokus na bitno,NA,NA,NA,NA,NA,NA,NA,NA,NA,NA,IN,Fokus na bitno,Focus,Kept in closest to,NA,IN 2025,NA,HR_partyvoted_2024,NA,NA
286,3116,2612,NA,NA,Croatia,Ključ Hrvatske,ZZ,Živi zid,Human Shield,NA,NA,NA,NA,NA,NA,NA,IN,Ključ Hrvatske,Key of Croatia,Removed from survey,Does not appear,IN 2025,NA,HR_partyvoted_2024,NA,NA
287,3104,1102,NA,NA,Croatia,Hrvatska socijalno-liberalna stranka,HSLS,Hrvatska socijalno liberalna stranka,Croatian Social Liberal Party,NA,NA,NA,NA,NA,NA,NA,Previous crosswalks,Hrvatska socijalno-liberalna stranka,Croatian Social Liberal Party,Removed from survey,NA,IN 2025,NA,HR_partyvoted_2024,NA,NA
288,NA,316,NA,NA,Croatia,BLOK,NA,Hrvatski blok,Croatian Bloc,NA,NA,NA,NA,NA,NA,NA,IN,BLOK,BLOK,Removed from survey,Does not appear,IN 2025,NA,HR_partyvoted_2024,NA,NA
289,NA,0,NA,NA,Croatia,Odlučnost i pravednost,NA,NA,NA,NA,NA,NA,NA,NA,NA,NA,IN,Odlučnost i pravednost,Determination and Justice,Removed from survey,Does not appear,IN 2025,NA,HR_partyvoted_2024,NA,NA
290,NA,0,NA,NA,Croatia,GLAS,NA,NA,NA,NA,NA,NA,NA,NA,NA,NA,IN,GLAS,Civic Liberal Alliance,Removed from survey,Does not appear,IN 2025,NA,HR_partyvoted_2024,NA,NA
291,110,501,NA,NA,Belgium,Nieuw-Vlaamse Alliantie (NV-A),VU; NVA,Nieuw-Vlaamse Alliantie,New Flemish Alliance,NA,NA,NA,NA,1,BE_partyvoted_2019,NA,Previous crosswalks,Nieuw-Vlaamse Alliantie (NV-A),New Flemish Alliance,Kept in closest to and least close to,NA,IN 2025,NA,BE_partyvoted_2024,1,1
292,112,993,NA,NA,Belgium,VLAAMS BELANG,VB,Vlaams Blok | Vlaams Belang,Flemish Block | Flemish Interest,NA,NA,NA,NA,2,BE_partyvoted_2019,NA,Previous crosswalks,VLAAMS BELANG,Flemish Interest,Kept in closest to and least close to,NA,IN 2025,NA,BE_partyvoted_2024,2,2
293,102,1378,NA,NA,Belgium,Parti socialiste (PS),PS,Parti Socialiste,Socialist Party [Francophone],NA,NA,NA,NA,3,BE_partyvoted_2019,NA,Previous crosswalks,Parti socialiste (PS),Socialist Party,Kept in closest to and least close to,NA,IN 2025,NA,BE_partyvoted_2024,6,6
294,109,723,NA,NA,Belgium,Christen-Democratisch en Vlaams (CD&V),CVP; CD&V,Christelijke Volkspartij | Christen-Democratisch en Vlaams,Flemish Christian Peoples Party | Christian Democrats & Flemish,NA,NA,NA,NA,4,BE_partyvoted_2019,NA,Previous crosswalks,Christen-Democratisch en Vlaams (CD&V),Christian Democratic and Flemish,Kept in closest to and least close to,NA,IN 2025,NA,BE_partyvoted_2024,7,7
295,119,256,NA,NA,Belgium,Partij van de Arbeid van België (PVDA)/ Parti du Travail de Belgique (PTB),PVDA-PTB,Partij van de Arbeid – Parti du Travail de Belgique,Workers' Party of Belgium,NA,NA,NA,NA,5,BE_partyvoted_2019,NA,Previous crosswalks,Partij van de Arbeid van België (PVDA)/ Parti du Travail de Belgique (PTB),Workers' Party of Belgium,Kept in closest to and least close to,NA,IN 2025,NA,BE_partyvoted_2024,4,4
296,107,1110,NA,NA,Belgium,Open Vlaamse Liberalen en Democraten (Open vld),VLD; PVV,Partij voor Vrijheid en Vooruitgang | Vlaamse Liberalen en Democraten,Party of Liberty and Progress | Flemish Liberals and Democrats,NA,NA,NA,NA,6,BE_partyvoted_2019,NA,Previous crosswalks,Open Vlaamse Liberalen en Democraten (Open vld),Open Flemish Liberals and Democrats,Kept in closest to and least close to,NA,IN 2025,NA,BE_partyvoted_2024,9,9
297,106,915,NA,NA,Belgium,Mouvement Réformateur (MR),PRL; MR,Mouvement Réformateur,Reformist Movement,NA,NA,NA,NA,7,BE_partyvoted_2019,NA,Previous crosswalks,Mouvement Réformateur (MR),Reformist Movement,Kept in closest to and least close to,NA,IN 2025,NA,BE_partyvoted_2024,3,3
298,102,1378,NA,NA,Belgium,Vooruit,PS,Parti Socialiste,Socialist Party [Francophone],NA,NA,NA,NA,8,BE_partyvoted_2019,NA,Previous crosswalks,Vooruit,Forward,Kept in closest to and least close to,NA,IN 2025,NA,BE_partyvoted_2024,5,5
299,104,161,NA,NA,Belgium,Écologistes Confédérés pour l'organisation de luttes originales (ECOLO),ECOLO,Écologistes Confédérés pour l'organisation de luttes originales,Confederated ecologists for the organisation of original struggles,NA,NA,NA,NA,9,BE_partyvoted_2019,NA,Previous crosswalks,Écologistes Confédérés pour l'organisation de luttes originales (ECOLO),Confederated Ecologists for the Organisation of Original Struggles,Kept in closest to,NA,IN 2025,NA,BE_partyvoted_2024,NA,NA
300,105,1594,NA,NA,Belgium,GROEN,AGALEV; Groen,Agalev – Groen,Agalev -- Green,NA,NA,NA,NA,10,BE_partyvoted_2019,NA,Previous crosswalks,GROEN,Green,Kept in closest to,NA,IN 2025,NA,BE_partyvoted_2024,10,10
301,108,1192,NA,NA,Belgium,Les Engagés (LE),PSC; CDH,Parti Social Chrétien – Centre Democrate Humaniste,Francophone Christian Social Party -- Humanist Democratic Centre,NA,NA,NA,NA,11,BE_partyvoted_2019,NA,Previous crosswalks,Les Engagés (LE),The Engaged,Kept in closest to and least close to,NA,IN 2025,NA,BE_partyvoted_2024,8,8
302,NA,969,NA,NA,Belgium,Démocrate fédéraliste independent (DéFI),NA,Front Démocratique des Francophones | DéFI,Francophone Democratic Front,NA,NA,NA,NA,12,BE_partyvoted_2019,NA,IN,Démocrate fédéraliste independent (DéFI),Independent Federalist Democrat,Kept in closest to,NA,IN 2025,NA,BE_partyvoted_2024,NA,NA
303,NA,0,NA,NA,Belgium,Parti Populaire,NA,NA,NA,NA,NA,NA,NA,NA,NA,NA,IN,Parti Populaire,People's Party,Removed from survey,Dissolved in 2019,IN 2025,NA,BE_partyvoted_2024,NA,NA
304,NA,2723,NA,NA,Spain,UPN,NA,Navarra Suma,Sum Navarre,NA,NA,NA,NA,11,ES_pastvote_Jul2023,NA,IN,UPN,Navarrese People's Union,Removed from survey,NA,IN 2025,NA,ES_pastvote_Jul2023,0,11
324,NA,NA,NA,NA,Belgium,NA,NA,NA,NA,NA,NA,NA,NA,NA,NA,NA,NA,Partij BLANCO,NA,New addition,New party founded in 2023,IN 2025,NA,BE_partyvoted_2024,NA,NA
NA,NA,NA,NA,NA,Bulgaria,NA,NA,NA,NA,NA,NA,NA,NA,NA,NA,NA,NA,Движение за права и свободи – Ново начало,Movement for Rights and Freedoms – A New Beginning,New addition,Party number 127 split into two,IN 2025,NA,BG_partyvoted_2024,4,4
NA,NA,NA,NA,NA,Bulgaria,NA,NA,NA,NA,NA,NA,NA,NA,NA,NA,NA,NA,Движение за права и свободи,Alliance for Rights and Freedoms,New addition,Party number 127 split into two,IN 2025,NA,BG_partyvoted_2024,NA,NA
321,NA,NA,NA,NA,Bulgaria,NA,NA,NA,NA,NA,NA,NA,NA,NA,NA,NA,NA,Величие,Velichie (Greatness),New addition,New party,IN 2025,NA,BG_partyvoted_2024,NA,NA
322,NA,NA,NA,NA,Bulgaria,NA,NA,NA,NA,NA,NA,NA,NA,NA,NA,NA,NA,"Морал, Единство, Чест; МЕЧ","Morale, Unity, Honour; MECh (sword)",New addition,New party,IN 2025,NA,BG_partyvoted_2024,NA,NA
333,NA,NA,NA,NA,Bulgaria,NA,NA,NA,NA,NA,NA,NA,NA,NA,NA,NA,NA,Синя България,Blue Bulgaria,New addition,New coalition - but did not enter parliament,IN 2025,NA,BG_partyvoted_2024,NA,NA
318,NA,NA,NA,NA,Greece,NA,NA,NA,NA,NA,NA,NA,NA,NA,NA,NA,NA,Σπαρτιάτες,Spartans,New addition,"Did not get over 1% in May 2023; but, according to wikipedia an enmdorsement by former Golden Dawn member got them to get votes in June",IN 2025,NA,GR_partyvoted_2023,NA,NA
317,NA,NA,NA,NA,Hungary,NA,NA,NA,NA,NA,NA,NA,NA,NA,NA,NA,NA,Tisztelet és Szabadság Pártja,Respect and Freedom Party,New addition,Did not contest in national election but got 29.6% of votes in european parliament; So depending on what question you are focused on could be added or not,IN 2025,NA,HU_partyvoted_2022,0,NA
326,NA,NA,NA,NA,Lithuania,NA,NA,NA,NA,NA,NA,NA,NA,NA,NA,NA,NA,"Nemuno Aušra, PPNA",Dawn of Nemunas,New addition,NA,IN 2025,NA,pastvote2024_lithuania,3,3
327,NA,NA,NA,NA,Lithuania,NA,NA,NA,NA,NA,NA,NA,NA,NA,NA,NA,NA,"Nacionalinis susivienijimas, NS",National Alliance,New addition,Only over 1% in 1st round,IN 2025,NA,pastvote2024_lithuania,NA,NA
328,NA,NA,NA,NA,Lithuania,NA,NA,NA,NA,NA,NA,NA,NA,NA,NA,NA,NA,"Lietuvos žaliųjų partija, LŽP",Lithuanian Green Party,New addition,Only over 1% in 1st round; No 2nd round,IN 2025,2522,pastvote2024_lithuania,NA,NA
329,NA,NA,NA,NA,Lithuania,NA,NA,NA,NA,NA,NA,NA,NA,NA,NA,NA,NA,"Lietuvos liaudies partija, LLp",Lithuanian People's Party,New addition,Not over 1% in last election + only over 1% in 1srt round,IN 2025,NA,pastvote2024_lithuania,NA,NA
330,NA,NA,NA,NA,Lithuania,NA,NA,NA,NA,NA,NA,NA,NA,NA,NA,NA,NA,"Taikos koalicija (Darbo partija, Lietuvos krikščioniškosios demokratijos partija, Žemaičių partija)",NA,New addition,New coalition/new party,IN 2025,NA,pastvote2024_lithuania,NA,NA
312,NA,NA,NA,NA,Netherlands,NA,NA,NA,NA,NA,NA,NA,NA,NA,NA,NA,NA,Staatkundig Gereformeerde Partij,Reformed Political Party,New addition,NA,IN 2025,1006,NL_partyvoted_2023,0,NA
313,NA,NA,NA,NA,Netherlands,NA,NA,NA,NA,NA,NA,NA,NA,NA,NA,NA,NA,Volt Nederland,Volt,New addition,NA,IN 2025,1052,NL_partyvoted_2023,0,NA
314,NA,NA,NA,NA,Poland,NA,NA,NA,NA,NA,NA,NA,NA,NA,NA,NA,NA,"Polska Jest Jedna, PJJ",There is one Poland,New addition,New party formed in feb 2023; Got over 1% of vote in 2023 (like BS),IN 2025,NA,PL_party_voted_2023,0,NA
315,NA,NA,NA,NA,Romania,NA,NA,NA,NA,NA,NA,NA,NA,NA,NA,NA,NA,Partidul Oamenilor Tineri (POT),Party of Young People,New addition,New party with vote share of 6.5%,IN 2025,NA,RO_partyvoted_2024,6,6
335,NA,NA,NA,NA,Romania,NA,NA,NA,NA,NA,NA,NA,NA,NA,NA,NA,NA,"Partidul Sănătate, Educație, Natură, Sustenabilitate (SENS)","Health, Education, Nature, Sustainability Party",New addition,New party founded in 2023,IN 2025,NA,RO_partyvoted_2024,NA,NA
336,NA,NA,NA,NA,Romania,NA,NA,NA,NA,NA,NA,NA,NA,NA,NA,NA,NA,Forța Dreptei (FD),Force of the Right,New addition,Branched away from PNL,IN 2025,NA,RO_partyvoted_2024,NA,NA
NA,NA,NA,NA,NA,Romania,NA,NA,NA,NA,NA,NA,NA,NA,NA,NA,NA,NA,Partidul Social Democrat Unit (PSDU),United Social Democratic Party,New addition,Vote attributed to people voting for it by mistake -- (would not include),IN 2025,NA,RO_partyvoted_2024,1,1
337,NA,NA,NA,NA,Romania,NA,NA,NA,NA,NA,NA,NA,NA,NA,NA,NA,NA,Reînnoim Proiectul European al României (REPER),Renewing Romania's European Project,New addition,New party,IN 2025,NA,RO_partyvoted_2024,NA,NA
338,NA,NA,NA,NA,Romania,NA,NA,NA,NA,NA,NA,NA,NA,NA,NA,NA,NA,Partidul Dreptate și Respect în Europa pentru Toți (DREPT),Justice and Respect in Europe for All Party,New addition,New party,IN 2025,NA,RO_partyvoted_2024,NA,NA
331,NA,NA,NA,NA,Slovakia,NA,NA,NA,NA,NA,NA,NA,NA,NA,NA,NA,NA,Progresívne Slovensko SPOLU – občianska demokracia,Progressive Slovakia TOGETHER – Civic Democracy,Removed from survey,This is a coalition from 2020 election that dissolved before 2023 -- ran separately in 2023; see demokrati + PS alone,IN 2025,2819,SK_partyvoted_2023,0,NA
331,NA,NA,NA,NA,Slovakia,NA,NA,NA,NA,NA,NA,NA,NA,NA,NA,NA,NA,Progresívne Slovensko,Progressive Slovakia,New addition,PS ran alone in 2023,IN 2025,2819,SK_partyvoted_2023,0,NA
NA,NA,NA,NA,NA,Spain,NA,NA,NA,NA,NA,NA,NA,NA,NA,NA,NA,NA,Comuns Sumar,Commons unite,New addition,Catalan results,IN 2025,NA,ES_pastvote_Jul2023,0,NA
NA,NA,NA,NA,NA,Spain,NA,NA,NA,NA,NA,NA,NA,NA,NA,NA,NA,NA,Aliança Catalana,Catalan Alliiance,New addition,Catalan results,IN 2025,NA,ES_pastvote_Jul2023,0,NA
251,NA,NA,NA,NA,UK,NA,NA,NA,NA,NA,NA,NA,NA,NA,NA,NA,NA,Aontú,Aontú,Kept in closest to,This is results for Northern ireland only,IN 2025,NA,pastvote_ge_2024_ni,NA,NA
305,NA,NA,NA,NA,UK,NA,NA,NA,NA,NA,NA,NA,NA,NA,NA,NA,NA,Traditional Unionist Voice (TUV),Traditional Unionist Voice (TUV),New addition,This is results for Northern ireland only,IN 2025,NA,pastvote_ge_2024_ni,6,6
306,NA,NA,NA,NA,UK,NA,NA,NA,NA,NA,NA,NA,NA,NA,NA,NA,NA,Green NI,Green NI,New addition,This is results for Northern ireland only,IN 2025,NA,pastvote_ge_2024_ni,NA,NA
306,NA,NA,NA,NA,UK,NA,NA,NA,NA,NA,NA,NA,NA,NA,NA,NA,NA,People before Profit,People before Profit,New addition,This is results for Northern ireland only,IN 2025,NA,pastvote_ge_2024_ni,NA,NA
307,,1804,,,,,,,,,,,,,,,,,,,,,,,,
308,626,2643,,,,,,,,,,,,,,,,,,,,,,,,
319,2003,1160,,,,,,,,,,,,,,,,,,,,,,,,
320,2004,1286,,,,,,,,,,,,,,,,,,,,,,,,
332,2814,1759,,,,,,,,,,,,,,,,,,,,,,,,
334,1251,1006,,,,,,,,,,,,,,,,,,,,,,,,
339,,50,,,,,,,,,,,,,,,,,,,,,,,,
340,,1013,,,,,,,,,,,,,,,,,,,,,,,,